STRUCTURE,STRUCTURE_ID,STRUCTURE_NAME,ACTION,REF_AREA,Reference area,FREQ,Frequency of observation,MEASURE,Measure,UNIT_MEASURE,Unit of measure,FINANCING_SCHEME,Financing scheme,FINANCING_SCHEME_REV,Revenues of financing schemes,FUNCTION,Health function,MODE_PROVISION,Mode of provision,PROVIDER,Health care provider,FACTOR_PROVISION,Factor of provision,ASSET_TYPE,Asset type,PRICE_BASE,Price base,TIME_PERIOD,Time period,OBS_VALUE,Observation value,BASE_PER,Base period,CURRENCY,Currency,OBS_STATUS,Observation status,OBS_STATUS2,Observation status 2,OBS_STATUS3,Observation status 3,UNIT_MULT,Unit multiplier,DECIMALS,Decimals
DATAFLOW,OECD.ELS.HD:DSD_SHA@DF_SHA(1.0),Health expenditure and financing,I,CRI,Costa Rica,A,Annual,EXP_HEALTH,Expenditure,PT_B1GQ,Percentage of GDP,_T,Total,_Z,Not application,_T,Total,_T,Total,_T,Total,_Z,Not applicable,_Z,Not applicable,_Z,Not applicable,2021,,7.529,,,,,,,,,,,,0,Units,1,One
DATAFLOW,OECD.ELS.HD:DSD_SHA@DF_SHA(1.0),Health expenditure and financing,I,CHN,China (People’s Republic of),A,Annual,EXP_HEALTH,Expenditure,PT_B1GQ,Percentage of GDP,_T,Total,_Z,Not application,_T,Total,_T,Total,_T,Total,_Z,Not applicable,_Z,Not applicable,_Z,Not applicable,2020,,5.66,,,,,,,,,,,,0,Units,1,One
DATAFLOW,OECD.ELS.HD:DSD_SHA@DF_SHA(1.0),Health expenditure and financing,I,CHN,China (People’s Republic of),A,Annual,EXP_HEALTH,Expenditure,PT_B1GQ,Percentage of GDP,_T,Total,_Z,Not application,_T,Total,_T,Total,_T,Total,_Z,Not applicable,_Z,Not applicable,_Z,Not applicable,2021,,5.365,,,,,,,,,,,,0,Units,1,One
DATAFLOW,OECD.ELS.HD:DSD_SHA@DF_SHA(1.0),Health expenditure and financing,I,CHE,Switzerland,A,Annual,EXP_HEALTH,Expenditure,PT_B1GQ,Percentage of GDP,_T,Total,_Z,Not application,_T,Total,_T,Total,_T,Total,_Z,Not applicable,_Z,Not applicable,_Z,Not applicable,2021,,12.005,,,,,,,,,,,,0,Units,1,One
DATAFLOW,OECD.ELS.HD:DSD_SHA@DF_SHA(1.0),Health expenditure and financing,I,ISR,Israel,A,Annual,EXP_HEALTH,Expenditure,PT_B1GQ,Percentage of GDP,_T,Total,_Z,Not application,_T,Total,_T,Total,_T,Total,_Z,Not applicable,_Z,Not applicable,_Z,Not applicable,2020,,7.73,,,,,,P,Provisional value,,,,,0,Units,1,One
DATAFLOW,OECD.ELS.HD:DSD_SHA@DF_SHA(1.0),Health expenditure and financing,I,ISR,Israel,A,Annual,EXP_HEALTH,Expenditure,PT_B1GQ,Percentage of GDP,_T,Total,_Z,Not application,_T,Total,_T,Total,_T,Total,_Z,Not applicable,_Z,Not applicable,_Z,Not applicable,2022,,7.324,,,,,,D,Definition differs,P,Provisional value,,,0,Units,1,One
DATAFLOW,OECD.ELS.HD:DSD_SHA@DF_SHA(1.0),Health expenditure and financing,I,JPN,Japan,A,Annual,EXP_HEALTH,Expenditure,PT_B1GQ,Percentage of GDP,_T,Total,_Z,Not application,_T,Total,_T,Total,_T,Total,_Z,Not applicable,_Z,Not applicable,_Z,Not applicable,2020,,11.209,,,,,,,,,,,,0,Units,1,One
DATAFLOW,OECD.ELS.HD:DSD_SHA@DF_SHA(1.0),Health expenditure and financing,I,JPN,Japan,A,Annual,EXP_HEALTH,Expenditure,PT_B1GQ,Percentage of GDP,_T,Total,_Z,Not application,_T,Total,_T,Total,_T,Total,_Z,Not applicable,_Z,Not applicable,_Z,Not applicable,2022,,11.422,,,,,,P,Provisional value,,,,,0,Units,1,One
DATAFLOW,OECD.ELS.HD:DSD_SHA@DF_SHA(1.0),Health expenditure and financing,I,JPN,Japan,A,Annual,EXP_HEALTH,Expenditure,PT_B1GQ,Percentage of GDP,_T,Total,_Z,Not application,_T,Total,_T,Total,_T,Total,_Z,Not applicable,_Z,Not applicable,_Z,Not applicable,2021,,11.19,,,,,,,,,,,,0,Units,1,One
DATAFLOW,OECD.ELS.HD:DSD_SHA@DF_SHA(1.0),Health expenditure and financing,I,EST,Estonia,A,Annual,EXP_HEALTH,Expenditure,PT_B1GQ,Percentage of GDP,_T,Total,_Z,Not application,_T,Total,_T,Total,_T,Total,_Z,Not applicable,_Z,Not applicable,_Z,Not applicable,2022,,7.02,,,,,,,,,,,,0,Units,1,One
DATAFLOW,OECD.ELS.HD:DSD_SHA@DF_SHA(1.0),Health expenditure and financing,I,EST,Estonia,A,Annual,EXP_HEALTH,Expenditure,PT_B1GQ,Percentage of GDP,_T,Total,_Z,Not application,_T,Total,_T,Total,_T,Total,_Z,Not applicable,_Z,Not applicable,_Z,Not applicable,2020,,7.589,,,,,,,,,,,,0,Units,1,One
DATAFLOW,OECD.ELS.HD:DSD_SHA@DF_SHA(1.0),Health expenditure and financing,I,COL,Colombia,A,Annual,EXP_HEALTH,Expenditure,PT_B1GQ,Percentage of GDP,_T,Total,_Z,Not application,_T,Total,_T,Total,_T,Total,_Z,Not applicable,_Z,Not applicable,_Z,Not applicable,2021,,9.017,,,,,,,,,,,,0,Units,1,One
DATAFLOW,OECD.ELS.HD:DSD_SHA@DF_SHA(1.0),Health expenditure and financing,I,COL,Colombia,A,Annual,EXP_HEALTH,Expenditure,PT_B1GQ,Percentage of GDP,_T,Total,_Z,Not application,_T,Total,_T,Total,_T,Total,_Z,Not applicable,_Z,Not applicable,_Z,Not applicable,2022,,7.574,,,,,,,,,,,,0,Units,1,One
DATAFLOW,OECD.ELS.HD:DSD_SHA@DF_SHA(1.0),Health expenditure and financing,I,ESP,Spain,A,Annual,EXP_HEALTH,Expenditure,PT_B1GQ,Percentage of GDP,_T,Total,_Z,Not application,_T,Total,_T,Total,_T,Total,_Z,Not applicable,_Z,Not applicable,_Z,Not applicable,2021,,10.309,,,,,,,,,,,,0,Units,1,One
DATAFLOW,OECD.ELS.HD:DSD_SHA@DF_SHA(1.0),Health expenditure and financing,I,AUS,Australia,A,Annual,EXP_HEALTH,Expenditure,PT_B1GQ,Percentage of GDP,_T,Total,_Z,Not application,_T,Total,_T,Total,_T,Total,_Z,Not applicable,_Z,Not applicable,_Z,Not applicable,2020,,10.66,,,,,,,,,,,,0,Units,1,One
DATAFLOW,OECD.ELS.HD:DSD_SHA@DF_SHA(1.0),Health expenditure and financing,I,AUS,Australia,A,Annual,EXP_HEALTH,Expenditure,PT_B1GQ,Percentage of GDP,_T,Total,_Z,Not application,_T,Total,_T,Total,_T,Total,_Z,Not applicable,_Z,Not applicable,_Z,Not applicable,2021,,10.425,,,,,,,,,,,,0,Units,1,One
DATAFLOW,OECD.ELS.HD:DSD_SHA@DF_SHA(1.0),Health expenditure and financing,I,AUS,Australia,A,Annual,EXP_HEALTH,Expenditure,PT_B1GQ,Percentage of GDP,_T,Total,_Z,Not application,_T,Total,_T,Total,_T,Total,_Z,Not applicable,_Z,Not applicable,_Z,Not applicable,2022,,9.805,,,,,,E,Estimated value,,,,,0,Units,1,One
DATAFLOW,OECD.ELS.HD:DSD_SHA@DF_SHA(1.0),Health expenditure and financing,I,ESP,Spain,A,Annual,EXP_HEALTH,Expenditure,PT_B1GQ,Percentage of GDP,_T,Total,_Z,Not application,_T,Total,_T,Total,_T,Total,_Z,Not applicable,_Z,Not applicable,_Z,Not applicable,2022,,9.738,,,,,,,,,,,,0,Units,1,One
DATAFLOW,OECD.ELS.HD:DSD_SHA@DF_SHA(1.0),Health expenditure and financing,I,ESP,Spain,A,Annual,EXP_HEALTH,Expenditure,PT_B1GQ,Percentage of GDP,_T,Total,_Z,Not application,_T,Total,_T,Total,_T,Total,_Z,Not applicable,_Z,Not applicable,_Z,Not applicable,2020,,10.732,,,,,,,,,,,,0,Units,1,One
DATAFLOW,OECD.ELS.HD:DSD_SHA@DF_SHA(1.0),Health expenditure and financing,I,LUX,Luxembourg,A,Annual,EXP_HEALTH,Expenditure,PT_B1GQ,Percentage of GDP,_T,Total,_Z,Not application,_T,Total,_T,Total,_T,Total,_Z,Not applicable,_Z,Not applicable,_Z,Not applicable,2022,,5.552,,,,,,,,,,,,0,Units,1,One
DATAFLOW,OECD.ELS.HD:DSD_SHA@DF_SHA(1.0),Health expenditure and financing,I,LUX,Luxembourg,A,Annual,EXP_HEALTH,Expenditure,PT_B1GQ,Percentage of GDP,_T,Total,_Z,Not application,_T,Total,_T,Total,_T,Total,_Z,Not applicable,_Z,Not applicable,_Z,Not applicable,2020,,5.765,,,,,,,,,,,,0,Units,1,One
DATAFLOW,OECD.ELS.HD:DSD_SHA@DF_SHA(1.0),Health expenditure and financing,I,LUX,Luxembourg,A,Annual,EXP_HEALTH,Expenditure,PT_B1GQ,Percentage of GDP,_T,Total,_Z,Not application,_T,Total,_T,Total,_T,Total,_Z,Not applicable,_Z,Not applicable,_Z,Not applicable,2021,,5.661,,,,,,,,,,,,0,Units,1,One
DATAFLOW,OECD.ELS.HD:DSD_SHA@DF_SHA(1.0),Health expenditure and financing,I,LUX,Luxembourg,A,Annual,EXP_HEALTH,Expenditure,PT_B1GQ,Percentage of GDP,_T,Total,_Z,Not application,_T,Total,_T,Total,_T,Total,_Z,Not applicable,_Z,Not applicable,_Z,Not applicable,2023,,5.783,,,,,,P,Provisional value,,,,,0,Units,1,One
DATAFLOW,OECD.ELS.HD:DSD_SHA@DF_SHA(1.0),Health expenditure and financing,I,IDN,Indonesia,A,Annual,EXP_HEALTH,Expenditure,PT_B1GQ,Percentage of GDP,_T,Total,_Z,Not application,_T,Total,_T,Total,_T,Total,_Z,Not applicable,_Z,Not applicable,_Z,Not applicable,2020,,3.413,,,,,,,,,,,,0,Units,1,One
DATAFLOW,OECD.ELS.HD:DSD_SHA@DF_SHA(1.0),Health expenditure and financing,I,IDN,Indonesia,A,Annual,EXP_HEALTH,Expenditure,PT_B1GQ,Percentage of GDP,_T,Total,_Z,Not application,_T,Total,_T,Total,_T,Total,_Z,Not applicable,_Z,Not applicable,_Z,Not applicable,2021,,3.706,,,,,,,,,,,,0,Units,1,One
DATAFLOW,OECD.ELS.HD:DSD_SHA@DF_SHA(1.0),Health expenditure and financing,I,AUT,Austria,A,Annual,EXP_HEALTH,Expenditure,PT_B1GQ,Percentage of GDP,_T,Total,_Z,Not application,_T,Total,_T,Total,_T,Total,_Z,Not applicable,_Z,Not applicable,_Z,Not applicable,2022,,11.157,,,,,,,,,,,,0,Units,1,One
DATAFLOW,OECD.ELS.HD:DSD_SHA@DF_SHA(1.0),Health expenditure and financing,I,AUT,Austria,A,Annual,EXP_HEALTH,Expenditure,PT_B1GQ,Percentage of GDP,_T,Total,_Z,Not application,_T,Total,_T,Total,_T,Total,_Z,Not applicable,_Z,Not applicable,_Z,Not applicable,2023,,10.954,,,,,,P,Provisional value,,,,,0,Units,1,One
DATAFLOW,OECD.ELS.HD:DSD_SHA@DF_SHA(1.0),Health expenditure and financing,I,AUT,Austria,A,Annual,EXP_HEALTH,Expenditure,PT_B1GQ,Percentage of GDP,_T,Total,_Z,Not application,_T,Total,_T,Total,_T,Total,_Z,Not applicable,_Z,Not applicable,_Z,Not applicable,2020,,11.316,,,,,,,,,,,,0,Units,1,One
DATAFLOW,OECD.ELS.HD:DSD_SHA@DF_SHA(1.0),Health expenditure and financing,I,AUT,Austria,A,Annual,EXP_HEALTH,Expenditure,PT_B1GQ,Percentage of GDP,_T,Total,_Z,Not application,_T,Total,_T,Total,_T,Total,_Z,Not applicable,_Z,Not applicable,_Z,Not applicable,2021,,12.152,,,,,,,,,,,,0,Units,1,One
DATAFLOW,OECD.ELS.HD:DSD_SHA@DF_SHA(1.0),Health expenditure and financing,I,SVK,Slovak Republic,A,Annual,EXP_HEALTH,Expenditure,PT_B1GQ,Percentage of GDP,_T,Total,_Z,Not application,_T,Total,_T,Total,_T,Total,_Z,Not applicable,_Z,Not applicable,_Z,Not applicable,2020,,7.126,,,,,,,,,,,,0,Units,1,One
DATAFLOW,OECD.ELS.HD:DSD_SHA@DF_SHA(1.0),Health expenditure and financing,I,SVK,Slovak Republic,A,Annual,EXP_HEALTH,Expenditure,PT_B1GQ,Percentage of GDP,_T,Total,_Z,Not application,_T,Total,_T,Total,_T,Total,_Z,Not applicable,_Z,Not applicable,_Z,Not applicable,2021,,7.757,,,,,,,,,,,,0,Units,1,One
DATAFLOW,OECD.ELS.HD:DSD_SHA@DF_SHA(1.0),Health expenditure and financing,I,IND,India,A,Annual,EXP_HEALTH,Expenditure,PT_B1GQ,Percentage of GDP,_T,Total,_Z,Not application,_T,Total,_T,Total,_T,Total,_Z,Not applicable,_Z,Not applicable,_Z,Not applicable,2020,,2.955,,,,,,,,,,,,0,Units,1,One
DATAFLOW,OECD.ELS.HD:DSD_SHA@DF_SHA(1.0),Health expenditure and financing,I,IND,India,A,Annual,EXP_HEALTH,Expenditure,PT_B1GQ,Percentage of GDP,_T,Total,_Z,Not application,_T,Total,_T,Total,_T,Total,_Z,Not applicable,_Z,Not applicable,_Z,Not applicable,2021,,3.282,,,,,,,,,,,,0,Units,1,One
DATAFLOW,OECD.ELS.HD:DSD_SHA@DF_SHA(1.0),Health expenditure and financing,I,HUN,Hungary,A,Annual,EXP_HEALTH,Expenditure,PT_B1GQ,Percentage of GDP,_T,Total,_Z,Not application,_T,Total,_T,Total,_T,Total,_Z,Not applicable,_Z,Not applicable,_Z,Not applicable,2020,,7.285,,,,,,,,,,,,0,Units,1,One
DATAFLOW,OECD.ELS.HD:DSD_SHA@DF_SHA(1.0),Health expenditure and financing,I,HUN,Hungary,A,Annual,EXP_HEALTH,Expenditure,PT_B1GQ,Percentage of GDP,_T,Total,_Z,Not application,_T,Total,_T,Total,_T,Total,_Z,Not applicable,_Z,Not applicable,_Z,Not applicable,2022,,6.713,,,,,,,,,,,,0,Units,1,One
DATAFLOW,OECD.ELS.HD:DSD_SHA@DF_SHA(1.0),Health expenditure and financing,I,HUN,Hungary,A,Annual,EXP_HEALTH,Expenditure,PT_B1GQ,Percentage of GDP,_T,Total,_Z,Not application,_T,Total,_T,Total,_T,Total,_Z,Not applicable,_Z,Not applicable,_Z,Not applicable,2021,,7.382,,,,,,,,,,,,0,Units,1,One
DATAFLOW,OECD.ELS.HD:DSD_SHA@DF_SHA(1.0),Health expenditure and financing,I,HUN,Hungary,A,Annual,EXP_HEALTH,Expenditure,PT_B1GQ,Percentage of GDP,_T,Total,_Z,Not application,_T,Total,_T,Total,_T,Total,_Z,Not applicable,_Z,Not applicable,_Z,Not applicable,2023,,6.362,,,,,,P,Provisional value,,,,,0,Units,1,One
DATAFLOW,OECD.ELS.HD:DSD_SHA@DF_SHA(1.0),Health expenditure and financing,I,ROU,Romania,A,Annual,EXP_HEALTH,Expenditure,PT_B1GQ,Percentage of GDP,_T,Total,_Z,Not application,_T,Total,_T,Total,_T,Total,_Z,Not applicable,_Z,Not applicable,_Z,Not applicable,2020,,6.226,,,,,,,,,,,,0,Units,1,One
DATAFLOW,OECD.ELS.HD:DSD_SHA@DF_SHA(1.0),Health expenditure and financing,I,ROU,Romania,A,Annual,EXP_HEALTH,Expenditure,PT_B1GQ,Percentage of GDP,_T,Total,_Z,Not application,_T,Total,_T,Total,_T,Total,_Z,Not applicable,_Z,Not applicable,_Z,Not applicable,2021,,6.47,,,,,,,,,,,,0,Units,1,One
DATAFLOW,OECD.ELS.HD:DSD_SHA@DF_SHA(1.0),Health expenditure and financing,I,ROU,Romania,A,Annual,EXP_HEALTH,Expenditure,PT_B1GQ,Percentage of GDP,_T,Total,_Z,Not application,_T,Total,_T,Total,_T,Total,_Z,Not applicable,_Z,Not applicable,_Z,Not applicable,2022,,5.749,,,,,,,,,,,,0,Units,1,One
DATAFLOW,OECD.ELS.HD:DSD_SHA@DF_SHA(1.0),Health expenditure and financing,I,PRT,Portugal,A,Annual,EXP_HEALTH,Expenditure,PT_B1GQ,Percentage of GDP,_T,Total,_Z,Not application,_T,Total,_T,Total,_T,Total,_Z,Not applicable,_Z,Not applicable,_Z,Not applicable,2022,,10.469,,,,,,,,,,,,0,Units,1,One
DATAFLOW,OECD.ELS.HD:DSD_SHA@DF_SHA(1.0),Health expenditure and financing,I,PRT,Portugal,A,Annual,EXP_HEALTH,Expenditure,PT_B1GQ,Percentage of GDP,_T,Total,_Z,Not application,_T,Total,_T,Total,_T,Total,_Z,Not applicable,_Z,Not applicable,_Z,Not applicable,2020,,10.548,,,,,,,,,,,,0,Units,1,One
DATAFLOW,OECD.ELS.HD:DSD_SHA@DF_SHA(1.0),Health expenditure and financing,I,PRT,Portugal,A,Annual,EXP_HEALTH,Expenditure,PT_B1GQ,Percentage of GDP,_T,Total,_Z,Not application,_T,Total,_T,Total,_T,Total,_Z,Not applicable,_Z,Not applicable,_Z,Not applicable,2021,,11.124,,,,,,,,,,,,0,Units,1,One
DATAFLOW,OECD.ELS.HD:DSD_SHA@DF_SHA(1.0),Health expenditure and financing,I,PRT,Portugal,A,Annual,EXP_HEALTH,Expenditure,PT_B1GQ,Percentage of GDP,_T,Total,_Z,Not application,_T,Total,_T,Total,_T,Total,_Z,Not applicable,_Z,Not applicable,_Z,Not applicable,2023,,10.003,,,,,,P,Provisional value,,,,,0,Units,1,One
DATAFLOW,OECD.ELS.HD:DSD_SHA@DF_SHA(1.0),Health expenditure and financing,I,POL,Poland,A,Annual,EXP_HEALTH,Expenditure,PT_B1GQ,Percentage of GDP,_T,Total,_Z,Not application,_T,Total,_T,Total,_T,Total,_Z,Not applicable,_Z,Not applicable,_Z,Not applicable,2022,,6.381,,,,,,,,,,,,0,Units,1,One
DATAFLOW,OECD.ELS.HD:DSD_SHA@DF_SHA(1.0),Health expenditure and financing,I,POL,Poland,A,Annual,EXP_HEALTH,Expenditure,PT_B1GQ,Percentage of GDP,_T,Total,_Z,Not application,_T,Total,_T,Total,_T,Total,_Z,Not applicable,_Z,Not applicable,_Z,Not applicable,2020,,6.497,,,,,,,,,,,,0,Units,1,One
DATAFLOW,OECD.ELS.HD:DSD_SHA@DF_SHA(1.0),Health expenditure and financing,I,POL,Poland,A,Annual,EXP_HEALTH,Expenditure,PT_B1GQ,Percentage of GDP,_T,Total,_Z,Not application,_T,Total,_T,Total,_T,Total,_Z,Not applicable,_Z,Not applicable,_Z,Not applicable,2021,,6.439,,,,,,,,,,,,0,Units,1,One
DATAFLOW,OECD.ELS.HD:DSD_SHA@DF_SHA(1.0),Health expenditure and financing,I,NOR,Norway,A,Annual,EXP_HEALTH,Expenditure,PT_B1GQ,Percentage of GDP,_T,Total,_Z,Not application,_T,Total,_T,Total,_T,Total,_Z,Not applicable,_Z,Not applicable,_Z,Not applicable,2022,,7.943,,,,,,,,,,,,0,Units,1,One
DATAFLOW,OECD.ELS.HD:DSD_SHA@DF_SHA(1.0),Health expenditure and financing,I,NOR,Norway,A,Annual,EXP_HEALTH,Expenditure,PT_B1GQ,Percentage of GDP,_T,Total,_Z,Not application,_T,Total,_T,Total,_T,Total,_Z,Not applicable,_Z,Not applicable,_Z,Not applicable,2020,,11.424,,,,,,,,,,,,0,Units,1,One
DATAFLOW,OECD.ELS.HD:DSD_SHA@DF_SHA(1.0),Health expenditure and financing,I,NOR,Norway,A,Annual,EXP_HEALTH,Expenditure,PT_B1GQ,Percentage of GDP,_T,Total,_Z,Not application,_T,Total,_T,Total,_T,Total,_Z,Not applicable,_Z,Not applicable,_Z,Not applicable,2021,,9.814,,,,,,,,,,,,0,Units,1,One
DATAFLOW,OECD.ELS.HD:DSD_SHA@DF_SHA(1.0),Health expenditure and financing,I,GEO,Georgia,A,Annual,EXP_HEALTH,Expenditure,PT_B1GQ,Percentage of GDP,_T,Total,_Z,Not application,_T,Total,_T,Total,_T,Total,_Z,Not applicable,_Z,Not applicable,_Z,Not applicable,2020,,8.342,,,,,,,,,,,,0,Units,1,One
DATAFLOW,OECD.ELS.HD:DSD_SHA@DF_SHA(1.0),Health expenditure and financing,I,GEO,Georgia,A,Annual,EXP_HEALTH,Expenditure,PT_B1GQ,Percentage of GDP,_T,Total,_Z,Not application,_T,Total,_T,Total,_T,Total,_Z,Not applicable,_Z,Not applicable,_Z,Not applicable,2021,,8.315,,,,,,,,,,,,0,Units,1,One
DATAFLOW,OECD.ELS.HD:DSD_SHA@DF_SHA(1.0),Health expenditure and financing,I,GEO,Georgia,A,Annual,EXP_HEALTH,Expenditure,PT_B1GQ,Percentage of GDP,_T,Total,_Z,Not application,_T,Total,_T,Total,_T,Total,_Z,Not applicable,_Z,Not applicable,_Z,Not applicable,2022,,7.256,,,,,,,,,,,,0,Units,1,One
DATAFLOW,OECD.ELS.HD:DSD_SHA@DF_SHA(1.0),Health expenditure and financing,I,NZL,New Zealand,A,Annual,EXP_HEALTH,Expenditure,PT_B1GQ,Percentage of GDP,_T,Total,_Z,Not application,_T,Total,_T,Total,_T,Total,_Z,Not applicable,_Z,Not applicable,_Z,Not applicable,2021,,10.224,,,,,,E,Estimated value,,,,,0,Units,1,One
DATAFLOW,OECD.ELS.HD:DSD_SHA@DF_SHA(1.0),Health expenditure and financing,I,NZL,New Zealand,A,Annual,EXP_HEALTH,Expenditure,PT_B1GQ,Percentage of GDP,_T,Total,_Z,Not application,_T,Total,_T,Total,_T,Total,_Z,Not applicable,_Z,Not applicable,_Z,Not applicable,2022,,11.322,,,,,,E,Estimated value,,,,,0,Units,1,One
DATAFLOW,OECD.ELS.HD:DSD_SHA@DF_SHA(1.0),Health expenditure and financing,I,NZL,New Zealand,A,Annual,EXP_HEALTH,Expenditure,PT_B1GQ,Percentage of GDP,_T,Total,_Z,Not application,_T,Total,_T,Total,_T,Total,_Z,Not applicable,_Z,Not applicable,_Z,Not applicable,2020,,9.732,,,,,,E,Estimated value,,,,,0,Units,1,One
DATAFLOW,OECD.ELS.HD:DSD_SHA@DF_SHA(1.0),Health expenditure and financing,I,SWE,Sweden,A,Annual,EXP_HEALTH,Expenditure,PT_B1GQ,Percentage of GDP,_T,Total,_Z,Not application,_T,Total,_T,Total,_T,Total,_Z,Not applicable,_Z,Not applicable,_Z,Not applicable,2023,,10.911,,,,,,P,Provisional value,,,,,0,Units,1,One
DATAFLOW,OECD.ELS.HD:DSD_SHA@DF_SHA(1.0),Health expenditure and financing,I,SWE,Sweden,A,Annual,EXP_HEALTH,Expenditure,PT_B1GQ,Percentage of GDP,_T,Total,_Z,Not application,_T,Total,_T,Total,_T,Total,_Z,Not applicable,_Z,Not applicable,_Z,Not applicable,2022,,10.522,,,,,,,,,,,,0,Units,1,One
DATAFLOW,OECD.ELS.HD:DSD_SHA@DF_SHA(1.0),Health expenditure and financing,I,SWE,Sweden,A,Annual,EXP_HEALTH,Expenditure,PT_B1GQ,Percentage of GDP,_T,Total,_Z,Not application,_T,Total,_T,Total,_T,Total,_Z,Not applicable,_Z,Not applicable,_Z,Not applicable,2020,,11.333,,,,,,,,,,,,0,Units,1,One
DATAFLOW,OECD.ELS.HD:DSD_SHA@DF_SHA(1.0),Health expenditure and financing,I,SWE,Sweden,A,Annual,EXP_HEALTH,Expenditure,PT_B1GQ,Percentage of GDP,_T,Total,_Z,Not application,_T,Total,_T,Total,_T,Total,_Z,Not applicable,_Z,Not applicable,_Z,Not applicable,2021,,11.102,,,,,,,,,,,,0,Units,1,One
DATAFLOW,OECD.ELS.HD:DSD_SHA@DF_SHA(1.0),Health expenditure and financing,I,ZAF,South Africa,A,Annual,EXP_HEALTH,Expenditure,PT_B1GQ,Percentage of GDP,_T,Total,_Z,Not application,_T,Total,_T,Total,_T,Total,_Z,Not applicable,_Z,Not applicable,_Z,Not applicable,2020,,8.528,,,,,,,,,,,,0,Units,1,One
DATAFLOW,OECD.ELS.HD:DSD_SHA@DF_SHA(1.0),Health expenditure and financing,I,ZAF,South Africa,A,Annual,EXP_HEALTH,Expenditure,PT_B1GQ,Percentage of GDP,_T,Total,_Z,Not application,_T,Total,_T,Total,_T,Total,_Z,Not applicable,_Z,Not applicable,_Z,Not applicable,2021,,8.251,,,,,,,,,,,,0,Units,1,One
DATAFLOW,OECD.ELS.HD:DSD_SHA@DF_SHA(1.0),Health expenditure and financing,I,FRA,France,A,Annual,EXP_HEALTH,Expenditure,PT_B1GQ,Percentage of GDP,_T,Total,_Z,Not application,_T,Total,_T,Total,_T,Total,_Z,Not applicable,_Z,Not applicable,_Z,Not applicable,2022,,11.882,,,,,,,,,,,,0,Units,1,One
DATAFLOW,OECD.ELS.HD:DSD_SHA@DF_SHA(1.0),Health expenditure and financing,I,FRA,France,A,Annual,EXP_HEALTH,Expenditure,PT_B1GQ,Percentage of GDP,_T,Total,_Z,Not application,_T,Total,_T,Total,_T,Total,_Z,Not applicable,_Z,Not applicable,_Z,Not applicable,2020,,12.072,,,,,,,,,,,,0,Units,1,One
DATAFLOW,OECD.ELS.HD:DSD_SHA@DF_SHA(1.0),Health expenditure and financing,I,FRA,France,A,Annual,EXP_HEALTH,Expenditure,PT_B1GQ,Percentage of GDP,_T,Total,_Z,Not application,_T,Total,_T,Total,_T,Total,_Z,Not applicable,_Z,Not applicable,_Z,Not applicable,2021,,12.292,,,,,,,,,,,,0,Units,1,One
DATAFLOW,OECD.ELS.HD:DSD_SHA@DF_SHA(1.0),Health expenditure and financing,I,CHL,Chile,A,Annual,EXP_HEALTH,Expenditure,PT_B1GQ,Percentage of GDP,_T,Total,_Z,Not application,_T,Total,_T,Total,_T,Total,_Z,Not applicable,_Z,Not applicable,_Z,Not applicable,2022,,10.236,,,,,,,,,,,,0,Units,1,One
DATAFLOW,OECD.ELS.HD:DSD_SHA@DF_SHA(1.0),Health expenditure and financing,I,CHL,Chile,A,Annual,EXP_HEALTH,Expenditure,PT_B1GQ,Percentage of GDP,_T,Total,_Z,Not application,_T,Total,_T,Total,_T,Total,_Z,Not applicable,_Z,Not applicable,_Z,Not applicable,2023,,10.002,,,,,,P,Provisional value,,,,,0,Units,1,One
DATAFLOW,OECD.ELS.HD:DSD_SHA@DF_SHA(1.0),Health expenditure and financing,I,CHL,Chile,A,Annual,EXP_HEALTH,Expenditure,PT_B1GQ,Percentage of GDP,_T,Total,_Z,Not application,_T,Total,_T,Total,_T,Total,_Z,Not applicable,_Z,Not applicable,_Z,Not applicable,2020,,9.697,,,,,,,,,,,,0,Units,1,One
DATAFLOW,OECD.ELS.HD:DSD_SHA@DF_SHA(1.0),Health expenditure and financing,I,CHL,Chile,A,Annual,EXP_HEALTH,Expenditure,PT_B1GQ,Percentage of GDP,_T,Total,_Z,Not application,_T,Total,_T,Total,_T,Total,_Z,Not applicable,_Z,Not applicable,_Z,Not applicable,2021,,9.718,,,,,,,,,,,,0,Units,1,One
DATAFLOW,OECD.ELS.HD:DSD_SHA@DF_SHA(1.0),Health expenditure and financing,I,ARG,Argentina,A,Annual,EXP_HEALTH,Expenditure,PT_B1GQ,Percentage of GDP,_T,Total,_Z,Not application,_T,Total,_T,Total,_T,Total,_Z,Not applicable,_Z,Not applicable,_Z,Not applicable,2020,,9.984,,,,,,,,,,,,0,Units,1,One
DATAFLOW,OECD.ELS.HD:DSD_SHA@DF_SHA(1.0),Health expenditure and financing,I,ARG,Argentina,A,Annual,EXP_HEALTH,Expenditure,PT_B1GQ,Percentage of GDP,_T,Total,_Z,Not application,_T,Total,_T,Total,_T,Total,_Z,Not applicable,_Z,Not applicable,_Z,Not applicable,2021,,9.695,,,,,,,,,,,,0,Units,1,One
DATAFLOW,OECD.ELS.HD:DSD_SHA@DF_SHA(1.0),Health expenditure and financing,I,CHE,Switzerland,A,Annual,EXP_HEALTH,Expenditure,PT_B1GQ,Percentage of GDP,_T,Total,_Z,Not application,_T,Total,_T,Total,_T,Total,_Z,Not applicable,_Z,Not applicable,_Z,Not applicable,2022,,11.707,,,,,,,,,,,,0,Units,1,One
DATAFLOW,OECD.ELS.HD:DSD_SHA@DF_SHA(1.0),Health expenditure and financing,I,CHE,Switzerland,A,Annual,EXP_HEALTH,Expenditure,PT_B1GQ,Percentage of GDP,_T,Total,_Z,Not application,_T,Total,_T,Total,_T,Total,_Z,Not applicable,_Z,Not applicable,_Z,Not applicable,2020,,12.004,,,,,,,,,,,,0,Units,1,One
DATAFLOW,OECD.ELS.HD:DSD_SHA@DF_SHA(1.0),Health expenditure and financing,I,EST,Estonia,A,Annual,EXP_HEALTH,Expenditure,PT_B1GQ,Percentage of GDP,_T,Total,_Z,Not application,_T,Total,_T,Total,_T,Total,_Z,Not applicable,_Z,Not applicable,_Z,Not applicable,2021,,7.545,,,,,,,,,,,,0,Units,1,One
DATAFLOW,OECD.ELS.HD:DSD_SHA@DF_SHA(1.0),Health expenditure and financing,I,EST,Estonia,A,Annual,EXP_HEALTH,Expenditure,PT_B1GQ,Percentage of GDP,_T,Total,_Z,Not application,_T,Total,_T,Total,_T,Total,_Z,Not applicable,_Z,Not applicable,_Z,Not applicable,2023,,7.559,,,,,,P,Provisional value,,,,,0,Units,1,One
DATAFLOW,OECD.ELS.HD:DSD_SHA@DF_SHA(1.0),Health expenditure and financing,I,UKR,Ukraine,A,Annual,EXP_HEALTH,Expenditure,PT_B1GQ,Percentage of GDP,_T,Total,_Z,Not application,_T,Total,_T,Total,_T,Total,_Z,Not applicable,_Z,Not applicable,_Z,Not applicable,2021,,8.019,,,,,,,,,,,,0,Units,1,One
DATAFLOW,OECD.ELS.HD:DSD_SHA@DF_SHA(1.0),Health expenditure and financing,I,UKR,Ukraine,A,Annual,EXP_HEALTH,Expenditure,PT_B1GQ,Percentage of GDP,_T,Total,_Z,Not application,_T,Total,_T,Total,_T,Total,_Z,Not applicable,_Z,Not applicable,_Z,Not applicable,2020,,7.562,,,,,,,,,,,,0,Units,1,One
DATAFLOW,OECD.ELS.HD:DSD_SHA@DF_SHA(1.0),Health expenditure and financing,I,USA,United States,A,Annual,EXP_HEALTH,Expenditure,PT_B1GQ,Percentage of GDP,_T,Total,_Z,Not application,_T,Total,_T,Total,_T,Total,_Z,Not applicable,_Z,Not applicable,_Z,Not applicable,2020,,18.582,,,,,,,,,,,,0,Units,1,One
DATAFLOW,OECD.ELS.HD:DSD_SHA@DF_SHA(1.0),Health expenditure and financing,I,USA,United States,A,Annual,EXP_HEALTH,Expenditure,PT_B1GQ,Percentage of GDP,_T,Total,_Z,Not application,_T,Total,_T,Total,_T,Total,_Z,Not applicable,_Z,Not applicable,_Z,Not applicable,2021,,17.299,,,,,,,,,,,,0,Units,1,One
DATAFLOW,OECD.ELS.HD:DSD_SHA@DF_SHA(1.0),Health expenditure and financing,I,USA,United States,A,Annual,EXP_HEALTH,Expenditure,PT_B1GQ,Percentage of GDP,_T,Total,_Z,Not application,_T,Total,_T,Total,_T,Total,_Z,Not applicable,_Z,Not applicable,_Z,Not applicable,2022,,16.496,,,,,,,,,,,,0,Units,1,One
DATAFLOW,OECD.ELS.HD:DSD_SHA@DF_SHA(1.0),Health expenditure and financing,I,LVA,Latvia,A,Annual,EXP_HEALTH,Expenditure,PT_B1GQ,Percentage of GDP,_T,Total,_Z,Not application,_T,Total,_T,Total,_T,Total,_Z,Not applicable,_Z,Not applicable,_Z,Not applicable,2022,,7.622,,,,,,,,,,,,0,Units,1,One
DATAFLOW,OECD.ELS.HD:DSD_SHA@DF_SHA(1.0),Health expenditure and financing,I,LVA,Latvia,A,Annual,EXP_HEALTH,Expenditure,PT_B1GQ,Percentage of GDP,_T,Total,_Z,Not application,_T,Total,_T,Total,_T,Total,_Z,Not applicable,_Z,Not applicable,_Z,Not applicable,2020,,7.285,,,,,,,,,,,,0,Units,1,One
DATAFLOW,OECD.ELS.HD:DSD_SHA@DF_SHA(1.0),Health expenditure and financing,I,LVA,Latvia,A,Annual,EXP_HEALTH,Expenditure,PT_B1GQ,Percentage of GDP,_T,Total,_Z,Not application,_T,Total,_T,Total,_T,Total,_Z,Not applicable,_Z,Not applicable,_Z,Not applicable,2021,,9.11,,,,,,,,,,,,0,Units,1,One
DATAFLOW,OECD.ELS.HD:DSD_SHA@DF_SHA(1.0),Health expenditure and financing,I,CZE,Czechia,A,Annual,EXP_HEALTH,Expenditure,PT_B1GQ,Percentage of GDP,_T,Total,_Z,Not application,_T,Total,_T,Total,_T,Total,_Z,Not applicable,_Z,Not applicable,_Z,Not applicable,2022,,8.763,,,,,,,,,,,,0,Units,1,One
DATAFLOW,OECD.ELS.HD:DSD_SHA@DF_SHA(1.0),Health expenditure and financing,I,CZE,Czechia,A,Annual,EXP_HEALTH,Expenditure,PT_B1GQ,Percentage of GDP,_T,Total,_Z,Not application,_T,Total,_T,Total,_T,Total,_Z,Not applicable,_Z,Not applicable,_Z,Not applicable,2023,,8.54,,,,,,P,Provisional value,,,,,0,Units,1,One
DATAFLOW,OECD.ELS.HD:DSD_SHA@DF_SHA(1.0),Health expenditure and financing,I,CZE,Czechia,A,Annual,EXP_HEALTH,Expenditure,PT_B1GQ,Percentage of GDP,_T,Total,_Z,Not application,_T,Total,_T,Total,_T,Total,_Z,Not applicable,_Z,Not applicable,_Z,Not applicable,2020,,9.214,,,,,,,,,,,,0,Units,1,One
DATAFLOW,OECD.ELS.HD:DSD_SHA@DF_SHA(1.0),Health expenditure and financing,I,CZE,Czechia,A,Annual,EXP_HEALTH,Expenditure,PT_B1GQ,Percentage of GDP,_T,Total,_Z,Not application,_T,Total,_T,Total,_T,Total,_Z,Not applicable,_Z,Not applicable,_Z,Not applicable,2021,,9.489,,,,,,,,,,,,0,Units,1,One
DATAFLOW,OECD.ELS.HD:DSD_SHA@DF_SHA(1.0),Health expenditure and financing,I,LTU,Lithuania,A,Annual,EXP_HEALTH,Expenditure,PT_B1GQ,Percentage of GDP,_T,Total,_Z,Not application,_T,Total,_T,Total,_T,Total,_Z,Not applicable,_Z,Not applicable,_Z,Not applicable,2022,,7.239,,,,,,,,,,,,0,Units,1,One
DATAFLOW,OECD.ELS.HD:DSD_SHA@DF_SHA(1.0),Health expenditure and financing,I,LTU,Lithuania,A,Annual,EXP_HEALTH,Expenditure,PT_B1GQ,Percentage of GDP,_T,Total,_Z,Not application,_T,Total,_T,Total,_T,Total,_Z,Not applicable,_Z,Not applicable,_Z,Not applicable,2020,,7.474,,,,,,,,,,,,0,Units,1,One
DATAFLOW,OECD.ELS.HD:DSD_SHA@DF_SHA(1.0),Health expenditure and financing,I,LTU,Lithuania,A,Annual,EXP_HEALTH,Expenditure,PT_B1GQ,Percentage of GDP,_T,Total,_Z,Not application,_T,Total,_T,Total,_T,Total,_Z,Not applicable,_Z,Not applicable,_Z,Not applicable,2021,,7.76,,,,,,,,,,,,0,Units,1,One
DATAFLOW,OECD.ELS.HD:DSD_SHA@DF_SHA(1.0),Health expenditure and financing,I,LTU,Lithuania,A,Annual,EXP_HEALTH,Expenditure,PT_B1GQ,Percentage of GDP,_T,Total,_Z,Not application,_T,Total,_T,Total,_T,Total,_Z,Not applicable,_Z,Not applicable,_Z,Not applicable,2023,,7.3,,,,,,P,Provisional value,,,,,0,Units,1,One
DATAFLOW,OECD.ELS.HD:DSD_SHA@DF_SHA(1.0),Health expenditure and financing,I,BEL,Belgium,A,Annual,EXP_HEALTH,Expenditure,PT_B1GQ,Percentage of GDP,_T,Total,_Z,Not application,_T,Total,_T,Total,_T,Total,_Z,Not applicable,_Z,Not applicable,_Z,Not applicable,2021,,11.044,,,,,,,,,,,,0,Units,1,One
DATAFLOW,OECD.ELS.HD:DSD_SHA@DF_SHA(1.0),Health expenditure and financing,I,BEL,Belgium,A,Annual,EXP_HEALTH,Expenditure,PT_B1GQ,Percentage of GDP,_T,Total,_Z,Not application,_T,Total,_T,Total,_T,Total,_Z,Not applicable,_Z,Not applicable,_Z,Not applicable,2022,,10.759,,,,,,,,,,,,0,Units,1,One
DATAFLOW,OECD.ELS.HD:DSD_SHA@DF_SHA(1.0),Health expenditure and financing,I,BEL,Belgium,A,Annual,EXP_HEALTH,Expenditure,PT_B1GQ,Percentage of GDP,_T,Total,_Z,Not application,_T,Total,_T,Total,_T,Total,_Z,Not applicable,_Z,Not applicable,_Z,Not applicable,2020,,11.27,,,,,,,,,,,,0,Units,1,One
DATAFLOW,OECD.ELS.HD:DSD_SHA@DF_SHA(1.0),Health expenditure and financing,I,ISL,Iceland,A,Annual,EXP_HEALTH,Expenditure,PT_B1GQ,Percentage of GDP,_T,Total,_Z,Not application,_T,Total,_T,Total,_T,Total,_Z,Not applicable,_Z,Not applicable,_Z,Not applicable,2022,,9.08,,,,,,,,,,,,0,Units,1,One
DATAFLOW,OECD.ELS.HD:DSD_SHA@DF_SHA(1.0),Health expenditure and financing,I,ISL,Iceland,A,Annual,EXP_HEALTH,Expenditure,PT_B1GQ,Percentage of GDP,_T,Total,_Z,Not application,_T,Total,_T,Total,_T,Total,_Z,Not applicable,_Z,Not applicable,_Z,Not applicable,2023,,8.992,,,,,,P,Provisional value,,,,,0,Units,1,One
DATAFLOW,OECD.ELS.HD:DSD_SHA@DF_SHA(1.0),Health expenditure and financing,I,ISL,Iceland,A,Annual,EXP_HEALTH,Expenditure,PT_B1GQ,Percentage of GDP,_T,Total,_Z,Not application,_T,Total,_T,Total,_T,Total,_Z,Not applicable,_Z,Not applicable,_Z,Not applicable,2021,,9.71,,,,,,,,,,,,0,Units,1,One
DATAFLOW,OECD.ELS.HD:DSD_SHA@DF_SHA(1.0),Health expenditure and financing,I,ISL,Iceland,A,Annual,EXP_HEALTH,Expenditure,PT_B1GQ,Percentage of GDP,_T,Total,_Z,Not application,_T,Total,_T,Total,_T,Total,_Z,Not applicable,_Z,Not applicable,_Z,Not applicable,2020,,9.649,,,,,,,,,,,,0,Units,1,One
DATAFLOW,OECD.ELS.HD:DSD_SHA@DF_SHA(1.0),Health expenditure and financing,I,HRV,Croatia,A,Annual,EXP_HEALTH,Expenditure,PT_B1GQ,Percentage of GDP,_T,Total,_Z,Not application,_T,Total,_T,Total,_T,Total,_Z,Not applicable,_Z,Not applicable,_Z,Not applicable,2020,,7.711,,,,,,,,,,,,0,Units,1,One
DATAFLOW,OECD.ELS.HD:DSD_SHA@DF_SHA(1.0),Health expenditure and financing,I,HRV,Croatia,A,Annual,EXP_HEALTH,Expenditure,PT_B1GQ,Percentage of GDP,_T,Total,_Z,Not application,_T,Total,_T,Total,_T,Total,_Z,Not applicable,_Z,Not applicable,_Z,Not applicable,2021,,8.074,,,,,,,,,,,,0,Units,1,One
DATAFLOW,OECD.ELS.HD:DSD_SHA@DF_SHA(1.0),Health expenditure and financing,I,HRV,Croatia,A,Annual,EXP_HEALTH,Expenditure,PT_B1GQ,Percentage of GDP,_T,Total,_Z,Not application,_T,Total,_T,Total,_T,Total,_Z,Not applicable,_Z,Not applicable,_Z,Not applicable,2022,,7.317,,,,,,,,,,,,0,Units,1,One
DATAFLOW,OECD.ELS.HD:DSD_SHA@DF_SHA(1.0),Health expenditure and financing,I,TUR,Türkiye,A,Annual,EXP_HEALTH,Expenditure,PT_B1GQ,Percentage of GDP,_T,Total,_Z,Not application,_T,Total,_T,Total,_T,Total,_Z,Not applicable,_Z,Not applicable,_Z,Not applicable,2022,,3.703,,,,,,,,,,,,0,Units,1,One
DATAFLOW,OECD.ELS.HD:DSD_SHA@DF_SHA(1.0),Health expenditure and financing,I,TUR,Türkiye,A,Annual,EXP_HEALTH,Expenditure,PT_B1GQ,Percentage of GDP,_T,Total,_Z,Not application,_T,Total,_T,Total,_T,Total,_Z,Not applicable,_Z,Not applicable,_Z,Not applicable,2020,,4.616,,,,,,,,,,,,0,Units,1,One
DATAFLOW,OECD.ELS.HD:DSD_SHA@DF_SHA(1.0),Health expenditure and financing,I,TUR,Türkiye,A,Annual,EXP_HEALTH,Expenditure,PT_B1GQ,Percentage of GDP,_T,Total,_Z,Not application,_T,Total,_T,Total,_T,Total,_Z,Not applicable,_Z,Not applicable,_Z,Not applicable,2021,,4.561,,,,,,,,,,,,0,Units,1,One
DATAFLOW,OECD.ELS.HD:DSD_SHA@DF_SHA(1.0),Health expenditure and financing,I,DNK,Denmark,A,Annual,EXP_HEALTH,Expenditure,PT_B1GQ,Percentage of GDP,_T,Total,_Z,Not application,_T,Total,_T,Total,_T,Total,_Z,Not applicable,_Z,Not applicable,_Z,Not applicable,2022,,9.476,,,,,,,,,,,,0,Units,1,One
DATAFLOW,OECD.ELS.HD:DSD_SHA@DF_SHA(1.0),Health expenditure and financing,I,DNK,Denmark,A,Annual,EXP_HEALTH,Expenditure,PT_B1GQ,Percentage of GDP,_T,Total,_Z,Not application,_T,Total,_T,Total,_T,Total,_Z,Not applicable,_Z,Not applicable,_Z,Not applicable,2023,,9.441,,,,,,P,Provisional value,,,,,0,Units,1,One
DATAFLOW,OECD.ELS.HD:DSD_SHA@DF_SHA(1.0),Health expenditure and financing,I,DNK,Denmark,A,Annual,EXP_HEALTH,Expenditure,PT_B1GQ,Percentage of GDP,_T,Total,_Z,Not application,_T,Total,_T,Total,_T,Total,_Z,Not applicable,_Z,Not applicable,_Z,Not applicable,2020,,10.719,,,,,,,,,,,,0,Units,1,One
DATAFLOW,OECD.ELS.HD:DSD_SHA@DF_SHA(1.0),Health expenditure and financing,I,DNK,Denmark,A,Annual,EXP_HEALTH,Expenditure,PT_B1GQ,Percentage of GDP,_T,Total,_Z,Not application,_T,Total,_T,Total,_T,Total,_Z,Not applicable,_Z,Not applicable,_Z,Not applicable,2021,,10.747,,,,,,,,,,,,0,Units,1,One
DATAFLOW,OECD.ELS.HD:DSD_SHA@DF_SHA(1.0),Health expenditure and financing,I,CAN,Canada,A,Annual,EXP_HEALTH,Expenditure,PT_B1GQ,Percentage of GDP,_T,Total,_Z,Not application,_T,Total,_T,Total,_T,Total,_Z,Not applicable,_Z,Not applicable,_Z,Not applicable,2023,,11.224,,,,,,P,Provisional value,,,,,0,Units,1,One
DATAFLOW,OECD.ELS.HD:DSD_SHA@DF_SHA(1.0),Health expenditure and financing,I,CAN,Canada,A,Annual,EXP_HEALTH,Expenditure,PT_B1GQ,Percentage of GDP,_T,Total,_Z,Not application,_T,Total,_T,Total,_T,Total,_Z,Not applicable,_Z,Not applicable,_Z,Not applicable,2021,,12.419,,,,,,D,Definition differs,,,,,0,Units,1,One
DATAFLOW,OECD.ELS.HD:DSD_SHA@DF_SHA(1.0),Health expenditure and financing,I,CAN,Canada,A,Annual,EXP_HEALTH,Expenditure,PT_B1GQ,Percentage of GDP,_T,Total,_Z,Not application,_T,Total,_T,Total,_T,Total,_Z,Not applicable,_Z,Not applicable,_Z,Not applicable,2020,,13.024,,,,,,D,Definition differs,,,,,0,Units,1,One
DATAFLOW,OECD.ELS.HD:DSD_SHA@DF_SHA(1.0),Health expenditure and financing,I,CAN,Canada,A,Annual,EXP_HEALTH,Expenditure,PT_B1GQ,Percentage of GDP,_T,Total,_Z,Not application,_T,Total,_T,Total,_T,Total,_Z,Not applicable,_Z,Not applicable,_Z,Not applicable,2022,,11.234,,,,,,D,Definition differs,P,Provisional value,,,0,Units,1,One
DATAFLOW,OECD.ELS.HD:DSD_SHA@DF_SHA(1.0),Health expenditure and financing,I,FIN,Finland,A,Annual,EXP_HEALTH,Expenditure,PT_B1GQ,Percentage of GDP,_T,Total,_Z,Not application,_T,Total,_T,Total,_T,Total,_Z,Not applicable,_Z,Not applicable,_Z,Not applicable,2022,,9.685,,,,,,,,,,,,0,Units,1,One
DATAFLOW,OECD.ELS.HD:DSD_SHA@DF_SHA(1.0),Health expenditure and financing,I,FIN,Finland,A,Annual,EXP_HEALTH,Expenditure,PT_B1GQ,Percentage of GDP,_T,Total,_Z,Not application,_T,Total,_T,Total,_T,Total,_Z,Not applicable,_Z,Not applicable,_Z,Not applicable,2020,,9.632,,,,,,,,,,,,0,Units,1,One
DATAFLOW,OECD.ELS.HD:DSD_SHA@DF_SHA(1.0),Health expenditure and financing,I,FIN,Finland,A,Annual,EXP_HEALTH,Expenditure,PT_B1GQ,Percentage of GDP,_T,Total,_Z,Not application,_T,Total,_T,Total,_T,Total,_Z,Not applicable,_Z,Not applicable,_Z,Not applicable,2021,,9.835,,,,,,,,,,,,0,Units,1,One
DATAFLOW,OECD.ELS.HD:DSD_SHA@DF_SHA(1.0),Health expenditure and financing,I,MEX,Mexico,A,Annual,EXP_HEALTH,Expenditure,PT_B1GQ,Percentage of GDP,_T,Total,_Z,Not application,_T,Total,_T,Total,_T,Total,_Z,Not applicable,_Z,Not applicable,_Z,Not applicable,2022,,5.721,,,,,,,,,,,,0,Units,1,One
DATAFLOW,OECD.ELS.HD:DSD_SHA@DF_SHA(1.0),Health expenditure and financing,I,MEX,Mexico,A,Annual,EXP_HEALTH,Expenditure,PT_B1GQ,Percentage of GDP,_T,Total,_Z,Not application,_T,Total,_T,Total,_T,Total,_Z,Not applicable,_Z,Not applicable,_Z,Not applicable,2020,,6.054,,,,,,,,,,,,0,Units,1,One
DATAFLOW,OECD.ELS.HD:DSD_SHA@DF_SHA(1.0),Health expenditure and financing,I,MEX,Mexico,A,Annual,EXP_HEALTH,Expenditure,PT_B1GQ,Percentage of GDP,_T,Total,_Z,Not application,_T,Total,_T,Total,_T,Total,_Z,Not applicable,_Z,Not applicable,_Z,Not applicable,2021,,5.892,,,,,,,,,,,,0,Units,1,One
DATAFLOW,OECD.ELS.HD:DSD_SHA@DF_SHA(1.0),Health expenditure and financing,I,IRL,Ireland,A,Annual,EXP_HEALTH,Expenditure,PT_B1GQ,Percentage of GDP,_T,Total,_Z,Not application,_T,Total,_T,Total,_T,Total,_Z,Not applicable,_Z,Not applicable,_Z,Not applicable,2022,,6.12,,,,,,,,,,,,0,Units,1,One
DATAFLOW,OECD.ELS.HD:DSD_SHA@DF_SHA(1.0),Health expenditure and financing,I,IRL,Ireland,A,Annual,EXP_HEALTH,Expenditure,PT_B1GQ,Percentage of GDP,_T,Total,_Z,Not application,_T,Total,_T,Total,_T,Total,_Z,Not applicable,_Z,Not applicable,_Z,Not applicable,2020,,7.063,,,,,,,,,,,,0,Units,1,One
DATAFLOW,OECD.ELS.HD:DSD_SHA@DF_SHA(1.0),Health expenditure and financing,I,IRL,Ireland,A,Annual,EXP_HEALTH,Expenditure,PT_B1GQ,Percentage of GDP,_T,Total,_Z,Not application,_T,Total,_T,Total,_T,Total,_Z,Not applicable,_Z,Not applicable,_Z,Not applicable,2021,,6.596,,,,,,,,,,,,0,Units,1,One
DATAFLOW,OECD.ELS.HD:DSD_SHA@DF_SHA(1.0),Health expenditure and financing,I,IRL,Ireland,A,Annual,EXP_HEALTH,Expenditure,PT_B1GQ,Percentage of GDP,_T,Total,_Z,Not application,_T,Total,_T,Total,_T,Total,_Z,Not applicable,_Z,Not applicable,_Z,Not applicable,2023,,6.565,,,,,,P,Provisional value,,,,,0,Units,1,One
DATAFLOW,OECD.ELS.HD:DSD_SHA@DF_SHA(1.0),Health expenditure and financing,I,SVN,Slovenia,A,Annual,EXP_HEALTH,Expenditure,PT_B1GQ,Percentage of GDP,_T,Total,_Z,Not application,_T,Total,_T,Total,_T,Total,_Z,Not applicable,_Z,Not applicable,_Z,Not applicable,2021,,9.481,,,,,,,,,,,,0,Units,1,One
DATAFLOW,OECD.ELS.HD:DSD_SHA@DF_SHA(1.0),Health expenditure and financing,I,NLD,Netherlands,A,Annual,EXP_HEALTH,Expenditure,PT_B1GQ,Percentage of GDP,_T,Total,_Z,Not application,_T,Total,_T,Total,_T,Total,_Z,Not applicable,_Z,Not applicable,_Z,Not applicable,2020,,11.224,,,,,,,,,,,,0,Units,1,One
DATAFLOW,OECD.ELS.HD:DSD_SHA@DF_SHA(1.0),Health expenditure and financing,I,NLD,Netherlands,A,Annual,EXP_HEALTH,Expenditure,PT_B1GQ,Percentage of GDP,_T,Total,_Z,Not application,_T,Total,_T,Total,_T,Total,_Z,Not applicable,_Z,Not applicable,_Z,Not applicable,2021,,11.125,,,,,,,,,,,,0,Units,1,One
DATAFLOW,OECD.ELS.HD:DSD_SHA@DF_SHA(1.0),Health expenditure and financing,I,SVN,Slovenia,A,Annual,EXP_HEALTH,Expenditure,PT_B1GQ,Percentage of GDP,_T,Total,_Z,Not application,_T,Total,_T,Total,_T,Total,_Z,Not applicable,_Z,Not applicable,_Z,Not applicable,2022,,9.691,,,,,,,,,,,,0,Units,1,One
DATAFLOW,OECD.ELS.HD:DSD_SHA@DF_SHA(1.0),Health expenditure and financing,I,NLD,Netherlands,A,Annual,EXP_HEALTH,Expenditure,PT_B1GQ,Percentage of GDP,_T,Total,_Z,Not application,_T,Total,_T,Total,_T,Total,_Z,Not applicable,_Z,Not applicable,_Z,Not applicable,2022,,10.101,,,,,,,,,,,,0,Units,1,One
DATAFLOW,OECD.ELS.HD:DSD_SHA@DF_SHA(1.0),Health expenditure and financing,I,SVN,Slovenia,A,Annual,EXP_HEALTH,Expenditure,PT_B1GQ,Percentage of GDP,_T,Total,_Z,Not application,_T,Total,_T,Total,_T,Total,_Z,Not applicable,_Z,Not applicable,_Z,Not applicable,2020,,9.428,,,,,,,,,,,,0,Units,1,One
DATAFLOW,OECD.ELS.HD:DSD_SHA@DF_SHA(1.0),Health expenditure and financing,I,BGR,Bulgaria,A,Annual,EXP_HEALTH,Expenditure,PT_B1GQ,Percentage of GDP,_T,Total,_Z,Not application,_T,Total,_T,Total,_T,Total,_Z,Not applicable,_Z,Not applicable,_Z,Not applicable,2020,,8.482,,,,,,,,,,,,0,Units,1,One
DATAFLOW,OECD.ELS.HD:DSD_SHA@DF_SHA(1.0),Health expenditure and financing,I,BGR,Bulgaria,A,Annual,EXP_HEALTH,Expenditure,PT_B1GQ,Percentage of GDP,_T,Total,_Z,Not application,_T,Total,_T,Total,_T,Total,_Z,Not applicable,_Z,Not applicable,_Z,Not applicable,2021,,8.619,,,,,,,,,,,,0,Units,1,One
DATAFLOW,OECD.ELS.HD:DSD_SHA@DF_SHA(1.0),Health expenditure and financing,I,BGR,Bulgaria,A,Annual,EXP_HEALTH,Expenditure,PT_B1GQ,Percentage of GDP,_T,Total,_Z,Not application,_T,Total,_T,Total,_T,Total,_Z,Not applicable,_Z,Not applicable,_Z,Not applicable,2022,,7.664,,,,,,,,,,,,0,Units,1,One
DATAFLOW,OECD.ELS.HD:DSD_SHA@DF_SHA(1.0),Health expenditure and financing,I,PER,Peru,A,Annual,EXP_HEALTH,Expenditure,PT_B1GQ,Percentage of GDP,_T,Total,_Z,Not application,_T,Total,_T,Total,_T,Total,_Z,Not applicable,_Z,Not applicable,_Z,Not applicable,2020,,6.286,,,,,,,,,,,,0,Units,1,One
DATAFLOW,OECD.ELS.HD:DSD_SHA@DF_SHA(1.0),Health expenditure and financing,I,PER,Peru,A,Annual,EXP_HEALTH,Expenditure,PT_B1GQ,Percentage of GDP,_T,Total,_Z,Not application,_T,Total,_T,Total,_T,Total,_Z,Not applicable,_Z,Not applicable,_Z,Not applicable,2022,,6.093,,,,,,P,Provisional value,,,,,0,Units,1,One
DATAFLOW,OECD.ELS.HD:DSD_SHA@DF_SHA(1.0),Health expenditure and financing,I,PER,Peru,A,Annual,EXP_HEALTH,Expenditure,PT_B1GQ,Percentage of GDP,_T,Total,_Z,Not application,_T,Total,_T,Total,_T,Total,_Z,Not applicable,_Z,Not applicable,_Z,Not applicable,2021,,6.679,,,,,,P,Provisional value,,,,,0,Units,1,One
DATAFLOW,OECD.ELS.HD:DSD_SHA@DF_SHA(1.0),Health expenditure and financing,I,ITA,Italy,A,Annual,EXP_HEALTH,Expenditure,PT_B1GQ,Percentage of GDP,_T,Total,_Z,Not application,_T,Total,_T,Total,_T,Total,_Z,Not applicable,_Z,Not applicable,_Z,Not applicable,2022,,8.952,,,,,,,,,,,,0,Units,1,One
DATAFLOW,OECD.ELS.HD:DSD_SHA@DF_SHA(1.0),Health expenditure and financing,I,ITA,Italy,A,Annual,EXP_HEALTH,Expenditure,PT_B1GQ,Percentage of GDP,_T,Total,_Z,Not application,_T,Total,_T,Total,_T,Total,_Z,Not applicable,_Z,Not applicable,_Z,Not applicable,2020,,9.625,,,,,,,,,,,,0,Units,1,One
DATAFLOW,OECD.ELS.HD:DSD_SHA@DF_SHA(1.0),Health expenditure and financing,I,ITA,Italy,A,Annual,EXP_HEALTH,Expenditure,PT_B1GQ,Percentage of GDP,_T,Total,_Z,Not application,_T,Total,_T,Total,_T,Total,_Z,Not applicable,_Z,Not applicable,_Z,Not applicable,2021,,9.346,,,,,,,,,,,,0,Units,1,One
DATAFLOW,OECD.ELS.HD:DSD_SHA@DF_SHA(1.0),Health expenditure and financing,I,ITA,Italy,A,Annual,EXP_HEALTH,Expenditure,PT_B1GQ,Percentage of GDP,_T,Total,_Z,Not application,_T,Total,_T,Total,_T,Total,_Z,Not applicable,_Z,Not applicable,_Z,Not applicable,2023,,8.447,,,,,,P,Provisional value,,,,,0,Units,1,One
DATAFLOW,OECD.ELS.HD:DSD_SHA@DF_SHA(1.0),Health expenditure and financing,I,KOR,Korea,A,Annual,EXP_HEALTH,Expenditure,PT_B1GQ,Percentage of GDP,_T,Total,_Z,Not application,_T,Total,_T,Total,_T,Total,_Z,Not applicable,_Z,Not applicable,_Z,Not applicable,2022,,9.434,,,,,,,,,,,,0,Units,1,One
DATAFLOW,OECD.ELS.HD:DSD_SHA@DF_SHA(1.0),Health expenditure and financing,I,KOR,Korea,A,Annual,EXP_HEALTH,Expenditure,PT_B1GQ,Percentage of GDP,_T,Total,_Z,Not application,_T,Total,_T,Total,_T,Total,_Z,Not applicable,_Z,Not applicable,_Z,Not applicable,2020,,8.355,,,,,,,,,,,,0,Units,1,One
DATAFLOW,OECD.ELS.HD:DSD_SHA@DF_SHA(1.0),Health expenditure and financing,I,KOR,Korea,A,Annual,EXP_HEALTH,Expenditure,PT_B1GQ,Percentage of GDP,_T,Total,_Z,Not application,_T,Total,_T,Total,_T,Total,_Z,Not applicable,_Z,Not applicable,_Z,Not applicable,2021,,8.957,,,,,,,,,,,,0,Units,1,One
DATAFLOW,OECD.ELS.HD:DSD_SHA@DF_SHA(1.0),Health expenditure and financing,I,KOR,Korea,A,Annual,EXP_HEALTH,Expenditure,PT_B1GQ,Percentage of GDP,_T,Total,_Z,Not application,_T,Total,_T,Total,_T,Total,_Z,Not applicable,_Z,Not applicable,_Z,Not applicable,2023,,9.88,,,,,,P,Provisional value,,,,,0,Units,1,One
DATAFLOW,OECD.ELS.HD:DSD_SHA@DF_SHA(1.0),Health expenditure and financing,I,GBR,United Kingdom,A,Annual,EXP_HEALTH,Expenditure,PT_B1GQ,Percentage of GDP,_T,Total,_Z,Not application,_T,Total,_T,Total,_T,Total,_Z,Not applicable,_Z,Not applicable,_Z,Not applicable,2020,,11.965,,,,,,,,,,,,0,Units,1,One
DATAFLOW,OECD.ELS.HD:DSD_SHA@DF_SHA(1.0),Health expenditure and financing,I,GBR,United Kingdom,A,Annual,EXP_HEALTH,Expenditure,PT_B1GQ,Percentage of GDP,_T,Total,_Z,Not application,_T,Total,_T,Total,_T,Total,_Z,Not applicable,_Z,Not applicable,_Z,Not applicable,2021,,12.019,,,,,,,,,,,,0,Units,1,One
DATAFLOW,OECD.ELS.HD:DSD_SHA@DF_SHA(1.0),Health expenditure and financing,I,GBR,United Kingdom,A,Annual,EXP_HEALTH,Expenditure,PT_B1GQ,Percentage of GDP,_T,Total,_Z,Not application,_T,Total,_T,Total,_T,Total,_Z,Not applicable,_Z,Not applicable,_Z,Not applicable,2022,,11.052,,,,,,,,,,,,0,Units,1,One
DATAFLOW,OECD.ELS.HD:DSD_SHA@DF_SHA(1.0),Health expenditure and financing,I,GBR,United Kingdom,A,Annual,EXP_HEALTH,Expenditure,PT_B1GQ,Percentage of GDP,_T,Total,_Z,Not application,_T,Total,_T,Total,_T,Total,_Z,Not applicable,_Z,Not applicable,_Z,Not applicable,2023,,10.884,,,,,,P,Provisional value,,,,,0,Units,1,One
DATAFLOW,OECD.ELS.HD:DSD_SHA@DF_SHA(1.0),Health expenditure and financing,I,GRC,Greece,A,Annual,EXP_HEALTH,Expenditure,PT_B1GQ,Percentage of GDP,_T,Total,_Z,Not application,_T,Total,_T,Total,_T,Total,_Z,Not applicable,_Z,Not applicable,_Z,Not applicable,2022,,8.5,,,,,,,,,,,,0,Units,1,One
DATAFLOW,OECD.ELS.HD:DSD_SHA@DF_SHA(1.0),Health expenditure and financing,I,GRC,Greece,A,Annual,EXP_HEALTH,Expenditure,PT_B1GQ,Percentage of GDP,_T,Total,_Z,Not application,_T,Total,_T,Total,_T,Total,_Z,Not applicable,_Z,Not applicable,_Z,Not applicable,2020,,9.524,,,,,,,,,,,,0,Units,1,One
DATAFLOW,OECD.ELS.HD:DSD_SHA@DF_SHA(1.0),Health expenditure and financing,I,GRC,Greece,A,Annual,EXP_HEALTH,Expenditure,PT_B1GQ,Percentage of GDP,_T,Total,_Z,Not application,_T,Total,_T,Total,_T,Total,_Z,Not applicable,_Z,Not applicable,_Z,Not applicable,2021,,9.185,,,,,,,,,,,,0,Units,1,One
DATAFLOW,OECD.ELS.HD:DSD_SHA@DF_SHA(1.0),Health expenditure and financing,I,DEU,Germany,A,Annual,EXP_HEALTH,Expenditure,PT_B1GQ,Percentage of GDP,_T,Total,_Z,Not application,_T,Total,_T,Total,_T,Total,_Z,Not applicable,_Z,Not applicable,_Z,Not applicable,2022,,12.605,,,,,,,,,,,,0,Units,1,One
DATAFLOW,OECD.ELS.HD:DSD_SHA@DF_SHA(1.0),Health expenditure and financing,I,DEU,Germany,A,Annual,EXP_HEALTH,Expenditure,PT_B1GQ,Percentage of GDP,_T,Total,_Z,Not application,_T,Total,_T,Total,_T,Total,_Z,Not applicable,_Z,Not applicable,_Z,Not applicable,2020,,12.69,,,,,,,,,,,,0,Units,1,One
DATAFLOW,OECD.ELS.HD:DSD_SHA@DF_SHA(1.0),Health expenditure and financing,I,DEU,Germany,A,Annual,EXP_HEALTH,Expenditure,PT_B1GQ,Percentage of GDP,_T,Total,_Z,Not application,_T,Total,_T,Total,_T,Total,_Z,Not applicable,_Z,Not applicable,_Z,Not applicable,2021,,12.902,,,,,,,,,,,,0,Units,1,One
DATAFLOW,OECD.ELS.HD:DSD_SHA@DF_SHA(1.0),Health expenditure and financing,I,DEU,Germany,A,Annual,EXP_HEALTH,Expenditure,PT_B1GQ,Percentage of GDP,_T,Total,_Z,Not application,_T,Total,_T,Total,_T,Total,_Z,Not applicable,_Z,Not applicable,_Z,Not applicable,2023,,11.799,,,,,,P,Provisional value,,,,,0,Units,1,One
DATAFLOW,OECD.ELS.HD:DSD_SHA@DF_SHA(1.0),Health expenditure and financing,I,COL,Colombia,A,Annual,EXP_HEALTH,Expenditure,PT_B1GQ,Percentage of GDP,_T,Total,_Z,Not application,_T,Total,_T,Total,_T,Total,_Z,Not applicable,_Z,Not applicable,_Z,Not applicable,2023,,7.692,,,,,,P,Provisional value,,,,,0,Units,1,One
DATAFLOW,OECD.ELS.HD:DSD_SHA@DF_SHA(1.0),Health expenditure and financing,I,COL,Colombia,A,Annual,EXP_HEALTH,Expenditure,PT_B1GQ,Percentage of GDP,_T,Total,_Z,Not application,_T,Total,_T,Total,_T,Total,_Z,Not applicable,_Z,Not applicable,_Z,Not applicable,2020,,8.708,,,,,,,,,,,,0,Units,1,One
DATAFLOW,OECD.ELS.HD:DSD_SHA@DF_SHA(1.0),Health expenditure and financing,I,SVK,Slovak Republic,A,Annual,EXP_HEALTH,Expenditure,PT_B1GQ,Percentage of GDP,_T,Total,_Z,Not application,_T,Total,_T,Total,_T,Total,_Z,Not applicable,_Z,Not applicable,_Z,Not applicable,2022,,7.606,,,,,,,,,,,,0,Units,1,One
DATAFLOW,OECD.ELS.HD:DSD_SHA@DF_SHA(1.0),Health expenditure and financing,I,ISR,Israel,A,Annual,EXP_HEALTH,Expenditure,PT_B1GQ,Percentage of GDP,_T,Total,_Z,Not application,_T,Total,_T,Total,_T,Total,_Z,Not applicable,_Z,Not applicable,_Z,Not applicable,2021,,7.653,,,,,,,,,,,,0,Units,1,One
DATAFLOW,OECD.ELS.HD:DSD_SHA@DF_SHA(1.0),Health expenditure and financing,I,CRI,Costa Rica,A,Annual,EXP_HEALTH,Expenditure,PT_B1GQ,Percentage of GDP,_T,Total,_Z,Not application,_T,Total,_T,Total,_T,Total,_Z,Not applicable,_Z,Not applicable,_Z,Not applicable,2022,,7.184,,,,,,,,,,,,0,Units,1,One
DATAFLOW,OECD.ELS.HD:DSD_SHA@DF_SHA(1.0),Health expenditure and financing,I,CRI,Costa Rica,A,Annual,EXP_HEALTH,Expenditure,PT_B1GQ,Percentage of GDP,_T,Total,_Z,Not application,_T,Total,_T,Total,_T,Total,_Z,Not applicable,_Z,Not applicable,_Z,Not applicable,2020,,7.825,,,,,,,,,,,,0,Units,1,One
