AUS,Australia,Annual,Expenditure,"US dollars, PPP converted",,,TIME_PERIOD,OBS_VALUE,UNIT_MULT,Unit multiplier
AUS,Australia,Annual,Expenditure,"US dollars, PPP converted",,,2020,1335.406,6,Millions
AUS,Australia,Annual,Expenditure,"US dollars, PPP converted",,,2020,205.063,6,Millions
AUS,Australia,Annual,Expenditure,"US dollars, PPP converted",,,2021,5.511,6,Millions
AUS,Australia,Annual,Expenditure,"US dollars, PPP converted",,,2022,11.734,6,Millions
AUS,Australia,Annual,Expenditure,"US dollars, PPP converted",,,2022,1717.584,6,Millions
AUS,Australia,Annual,Expenditure,"US dollars, PPP converted",,,2022,0.542,6,Millions
AUS,Australia,Annual,Expenditure,"US dollars, PPP converted",,,2021,2.359,6,Millions
AUS,Australia,Annual,Expenditure,"US dollars, PPP converted",,,2022,1108.133,6,Millions
AUS,Australia,Annual,Expenditure,"US dollars, PPP converted",,,2021,3968.391,6,Millions
AUS,Australia,Annual,Expenditure,"US dollars, PPP converted",,,2020,2238.946,6,Millions
AUS,Australia,Annual,Expenditure,"US dollars, PPP converted",,,2023,88.055,6,Millions
AUS,Australia,Annual,Expenditure,"US dollars, PPP converted",,,2021,393.047,6,Millions
AUS,Australia,Annual,Expenditure,"US dollars, PPP converted",,,2021,1472.767,6,Millions
AUS,Australia,Annual,Expenditure,"US dollars, PPP converted",,,2021,10845.696,6,Millions
AUS,Australia,Annual,Expenditure,"US dollars, PPP converted",,,2023,861.904,6,Millions
AUS,Australia,Annual,Expenditure,"US dollars, PPP converted",,,2020,55.814,6,Millions
AUS,Australia,Annual,Expenditure,"US dollars, PPP converted",,,2022,45.003,6,Millions
AUS,Australia,Annual,Expenditure,"US dollars, PPP converted",,,2021,85.288,6,Millions
AUS,Australia,Annual,Expenditure,"US dollars, PPP converted",,,2021,843.101,6,Millions
AUS,Australia,Annual,Expenditure,"US dollars, PPP converted",,,2022,3.951,6,Millions
AUS,Australia,Annual,Expenditure,"US dollars, PPP converted",,,2020,321.062,6,Millions
AUS,Australia,Annual,Expenditure,"US dollars, PPP converted",,,2020,44.152,6,Millions
AUS,Australia,Annual,Expenditure,"US dollars, PPP converted",,,2022,3.777,6,Millions
AUT,Austria,Annual,Expenditure,"US dollars, PPP converted",,,2021,3.148,6,Millions
AUT,Austria,Annual,Expenditure,"US dollars, PPP converted",,,2022,25.724,6,Millions
AUT,Austria,Annual,Expenditure,"US dollars, PPP converted",,,2020,4.633,6,Millions
AUT,Austria,Annual,Expenditure,"US dollars, PPP converted",,,2022,87.949,6,Millions
AUT,Austria,Annual,Expenditure,"US dollars, PPP converted",,,2021,156.733,6,Millions
AUT,Austria,Annual,Expenditure,"US dollars, PPP converted",,,2020,94.326,6,Millions
AUT,Austria,Annual,Expenditure,"US dollars, PPP converted",,,2022,668.843,6,Millions
AUT,Austria,Annual,Expenditure,"US dollars, PPP converted",,,2021,806.403,6,Millions
AUT,Austria,Annual,Expenditure,"US dollars, PPP converted",,,2020,0.199,6,Millions
AUT,Austria,Annual,Expenditure,"US dollars, PPP converted",,,2020,25.572,6,Millions
AUT,Austria,Annual,Expenditure,"US dollars, PPP converted",,,2021,19.619,6,Millions
AUT,Austria,Annual,Expenditure,"US dollars, PPP converted",,,2020,114.763,6,Millions
AUT,Austria,Annual,Expenditure,"US dollars, PPP converted",,,2021,24.349,6,Millions
AUT,Austria,Annual,Expenditure,"US dollars, PPP converted",,,2020,135.74,6,Millions
AUT,Austria,Annual,Expenditure,"US dollars, PPP converted",,,2021,12.273,6,Millions
AUT,Austria,Annual,Expenditure,"US dollars, PPP converted",,,2020,21.405,6,Millions
AUT,Austria,Annual,Expenditure,"US dollars, PPP converted",,,2022,1.763,6,Millions
AUT,Austria,Annual,Expenditure,"US dollars, PPP converted",,,2022,15.688,6,Millions
AUT,Austria,Annual,Expenditure,"US dollars, PPP converted",,,2021,15.092,6,Millions
AUT,Austria,Annual,Expenditure,"US dollars, PPP converted",,,2021,63.234,6,Millions
AUT,Austria,Annual,Expenditure,"US dollars, PPP converted",,,2020,45.002,6,Millions
AUT,Austria,Annual,Expenditure,"US dollars, PPP converted",,,2021,5.265,6,Millions
AUT,Austria,Annual,Expenditure,"US dollars, PPP converted",,,2020,22.468,6,Millions
AUT,Austria,Annual,Expenditure,"US dollars, PPP converted",,,2022,52.397,6,Millions
AUT,Austria,Annual,Expenditure,"US dollars, PPP converted",,,2021,130.073,6,Millions
AUT,Austria,Annual,Expenditure,"US dollars, PPP converted",,,2020,58.575,6,Millions
AUT,Austria,Annual,Expenditure,"US dollars, PPP converted",,,2020,0.262,6,Millions
AUT,Austria,Annual,Expenditure,"US dollars, PPP converted",,,2020,27.519,6,Millions
AUT,Austria,Annual,Expenditure,"US dollars, PPP converted",,,2022,0.07,6,Millions
AUT,Austria,Annual,Expenditure,"US dollars, PPP converted",,,2021,0.083,6,Millions
BEL,Belgium,Annual,Expenditure,"US dollars, PPP converted",,,2022,148.048,6,Millions
BEL,Belgium,Annual,Expenditure,"US dollars, PPP converted",,,2021,540.997,6,Millions
BEL,Belgium,Annual,Expenditure,"US dollars, PPP converted",,,2022,0.214,6,Millions
BEL,Belgium,Annual,Expenditure,"US dollars, PPP converted",,,2021,0.075,6,Millions
BEL,Belgium,Annual,Expenditure,"US dollars, PPP converted",,,2021,309.18,6,Millions
BEL,Belgium,Annual,Expenditure,"US dollars, PPP converted",,,2020,374.5,6,Millions
BEL,Belgium,Annual,Expenditure,"US dollars, PPP converted",,,2022,303.301,6,Millions
BEL,Belgium,Annual,Expenditure,"US dollars, PPP converted",,,2021,1061.316,6,Millions
BEL,Belgium,Annual,Expenditure,"US dollars, PPP converted",,,2020,1122.365,6,Millions
BEL,Belgium,Annual,Expenditure,"US dollars, PPP converted",,,2020,255.462,6,Millions
BEL,Belgium,Annual,Expenditure,"US dollars, PPP converted",,,2022,16351.79,6,Millions
BEL,Belgium,Annual,Expenditure,"US dollars, PPP converted",,,2021,13407.358,6,Millions
BEL,Belgium,Annual,Expenditure,"US dollars, PPP converted",,,2020,20001.937,6,Millions
BEL,Belgium,Annual,Expenditure,"US dollars, PPP converted",,,2023,1218.368,6,Millions
BEL,Belgium,Annual,Expenditure,"US dollars, PPP converted",,,2022,687.938,6,Millions
BEL,Belgium,Annual,Expenditure,"US dollars, PPP converted",,,2021,2232.168,6,Millions
BEL,Belgium,Annual,Expenditure,"US dollars, PPP converted",,,2020,3487.018,6,Millions
BEL,Belgium,Annual,Expenditure,"US dollars, PPP converted",,,2020,1251.183,6,Millions
BEL,Belgium,Annual,Expenditure,"US dollars, PPP converted",,,2021,10716.355,6,Millions
BEL,Belgium,Annual,Expenditure,"US dollars, PPP converted",,,2020,11445.064,6,Millions
BEL,Belgium,Annual,Expenditure,"US dollars, PPP converted",,,2020,352.386,6,Millions
BEL,Belgium,Annual,Expenditure,"US dollars, PPP converted",,,2022,1.634,6,Millions
BEL,Belgium,Annual,Expenditure,"US dollars, PPP converted",,,2020,32.074,6,Millions
BEL,Belgium,Annual,Expenditure,"US dollars, PPP converted",,,2022,900.088,6,Millions
BEL,Belgium,Annual,Expenditure,"US dollars, PPP converted",,,2021,5195.996,6,Millions
BEL,Belgium,Annual,Expenditure,"US dollars, PPP converted",,,2020,5789.693,6,Millions
BEL,Belgium,Annual,Expenditure,"US dollars, PPP converted",,,2022,398.433,6,Millions
BEL,Belgium,Annual,Expenditure,"US dollars, PPP converted",,,2021,544.17,6,Millions
BEL,Belgium,Annual,Expenditure,"US dollars, PPP converted",,,2021,2369.333,6,Millions
BEL,Belgium,Annual,Expenditure,"US dollars, PPP converted",,,2020,5027.764,6,Millions
BGR,Bulgaria,Annual,Expenditure,"US dollars, PPP converted",,,2022,484.351,6,Millions
BGR,Bulgaria,Annual,Expenditure,"US dollars, PPP converted",,,2022,6.425,6,Millions
BGR,Bulgaria,Annual,Expenditure,"US dollars, PPP converted",,,2021,28.522,6,Millions
BGR,Bulgaria,Annual,Expenditure,"US dollars, PPP converted",,,2020,25.448,6,Millions
BGR,Bulgaria,Annual,Expenditure,"US dollars, PPP converted",,,2022,1.296,6,Millions
BGR,Bulgaria,Annual,Expenditure,"US dollars, PPP converted",,,2021,9.867,6,Millions
BGR,Bulgaria,Annual,Expenditure,"US dollars, PPP converted",,,2020,17.981,6,Millions
BGR,Bulgaria,Annual,Expenditure,"US dollars, PPP converted",,,2020,414.363,6,Millions
BGR,Bulgaria,Annual,Expenditure,"US dollars, PPP converted",,,2022,547.794,6,Millions
BGR,Bulgaria,Annual,Expenditure,"US dollars, PPP converted",,,2021,528.482,6,Millions
BGR,Bulgaria,Annual,Expenditure,"US dollars, PPP converted",,,2023,547.68,6,Millions
BGR,Bulgaria,Annual,Expenditure,"US dollars, PPP converted",,,2022,2217.997,6,Millions
BGR,Bulgaria,Annual,Expenditure,"US dollars, PPP converted",,,2022,15854.743,6,Millions
BGR,Bulgaria,Annual,Expenditure,"US dollars, PPP converted",,,2021,11482.311,6,Millions
BGR,Bulgaria,Annual,Expenditure,"US dollars, PPP converted",,,2020,1643.329,6,Millions
BGR,Bulgaria,Annual,Expenditure,"US dollars, PPP converted",,,2023,2019.052,6,Millions
BGR,Bulgaria,Annual,Expenditure,"US dollars, PPP converted",,,2022,1531.635,6,Millions
BGR,Bulgaria,Annual,Expenditure,"US dollars, PPP converted",,,2021,1409.724,6,Millions
BGR,Bulgaria,Annual,Expenditure,"US dollars, PPP converted",,,2020,638.286,6,Millions
BGR,Bulgaria,Annual,Expenditure,"US dollars, PPP converted",,,2021,677.9,6,Millions
BGR,Bulgaria,Annual,Expenditure,"US dollars, PPP converted",,,2022,0.044,6,Millions
BGR,Bulgaria,Annual,Expenditure,"US dollars, PPP converted",,,2021,0.065,6,Millions
BGR,Bulgaria,Annual,Expenditure,"US dollars, PPP converted",,,2020,0.25,6,Millions
BGR,Bulgaria,Annual,Expenditure,"US dollars, PPP converted",,,2022,416.343,6,Millions
BGR,Bulgaria,Annual,Expenditure,"US dollars, PPP converted",,,2023,381.007,6,Millions
BGR,Bulgaria,Annual,Expenditure,"US dollars, PPP converted",,,2021,2574.006,6,Millions
BGR,Bulgaria,Annual,Expenditure,"US dollars, PPP converted",,,2022,663.747,6,Millions
BGR,Bulgaria,Annual,Expenditure,"US dollars, PPP converted",,,2021,12.411,6,Millions
BGR,Bulgaria,Annual,Expenditure,"US dollars, PPP converted",,,2022,5.362,6,Millions
BGR,Bulgaria,Annual,Expenditure,"US dollars, PPP converted",,,2020,2.628,6,Millions
BGR,Bulgaria,Annual,Expenditure,"US dollars, PPP converted",,,2022,207.163,6,Millions
BGR,Bulgaria,Annual,Expenditure,"US dollars, PPP converted",,,2021,479.457,6,Millions
CAN,Canada,Annual,Expenditure,"US dollars, PPP converted",,,2020,39.625,6,Millions
CAN,Canada,Annual,Expenditure,"US dollars, PPP converted",,,2022,110.772,6,Millions
CAN,Canada,Annual,Expenditure,"US dollars, PPP converted",,,2021,238.823,6,Millions
CAN,Canada,Annual,Expenditure,"US dollars, PPP converted",,,2020,745.565,6,Millions
CAN,Canada,Annual,Expenditure,"US dollars, PPP converted",,,2023,4.351,6,Millions
CAN,Canada,Annual,Expenditure,"US dollars, PPP converted",,,2022,107.475,6,Millions
CAN,Canada,Annual,Expenditure,"US dollars, PPP converted",,,2022,6.232,6,Millions
CAN,Canada,Annual,Expenditure,"US dollars, PPP converted",,,2021,14.015,6,Millions
CAN,Canada,Annual,Expenditure,"US dollars, PPP converted",,,2020,1.6,6,Millions
CAN,Canada,Annual,Expenditure,"US dollars, PPP converted",,,2022,2187.555,6,Millions
CAN,Canada,Annual,Expenditure,"US dollars, PPP converted",,,2021,3492.272,6,Millions
CAN,Canada,Annual,Expenditure,"US dollars, PPP converted",,,2020,386.764,6,Millions
CAN,Canada,Annual,Expenditure,"US dollars, PPP converted",,,2020,2267.476,6,Millions
CAN,Canada,Annual,Expenditure,"US dollars, PPP converted",,,2022,808.693,6,Millions
CAN,Canada,Annual,Expenditure,"US dollars, PPP converted",,,2021,1108.178,6,Millions
CAN,Canada,Annual,Expenditure,"US dollars, PPP converted",,,2021,290.201,6,Millions
CAN,Canada,Annual,Expenditure,"US dollars, PPP converted",,,2020,623.63,6,Millions
CAN,Canada,Annual,Expenditure,"US dollars, PPP converted",,,2021,2422.267,6,Millions
CAN,Canada,Annual,Expenditure,"US dollars, PPP converted",,,2020,8095.986,6,Millions
CAN,Canada,Annual,Expenditure,"US dollars, PPP converted",,,2022,2207.714,6,Millions
CAN,Canada,Annual,Expenditure,"US dollars, PPP converted",,,2020,65.682,6,Millions
CAN,Canada,Annual,Expenditure,"US dollars, PPP converted",,,2022,9.676,6,Millions
CAN,Canada,Annual,Expenditure,"US dollars, PPP converted",,,2021,13.197,6,Millions
CAN,Canada,Annual,Expenditure,"US dollars, PPP converted",,,2020,1265.158,6,Millions
CAN,Canada,Annual,Expenditure,"US dollars, PPP converted",,,2020,5.968,6,Millions
CAN,Canada,Annual,Expenditure,"US dollars, PPP converted",,,2020,378.726,6,Millions
CAN,Canada,Annual,Expenditure,"US dollars, PPP converted",,,2023,477.702,6,Millions
CAN,Canada,Annual,Expenditure,"US dollars, PPP converted",,,2022,6.854,6,Millions
CAN,Canada,Annual,Expenditure,"US dollars, PPP converted",,,2020,2.982,6,Millions
CAN,Canada,Annual,Expenditure,"US dollars, PPP converted",,,2021,14.728,6,Millions
CHL,Chile,Annual,Expenditure,"US dollars, PPP converted",,,2022,4007.645,6,Millions
CHL,Chile,Annual,Expenditure,"US dollars, PPP converted",,,2021,1797.445,6,Millions
CHL,Chile,Annual,Expenditure,"US dollars, PPP converted",,,2020,88.038,6,Millions
CHL,Chile,Annual,Expenditure,"US dollars, PPP converted",,,2022,72.635,6,Millions
CHL,Chile,Annual,Expenditure,"US dollars, PPP converted",,,2021,140.52,6,Millions
CHL,Chile,Annual,Expenditure,"US dollars, PPP converted",,,2020,1524.726,6,Millions
CHL,Chile,Annual,Expenditure,"US dollars, PPP converted",,,2020,4301.211,6,Millions
CHL,Chile,Annual,Expenditure,"US dollars, PPP converted",,,2021,5422.792,6,Millions
CHL,Chile,Annual,Expenditure,"US dollars, PPP converted",,,2021,383.135,6,Millions
CHL,Chile,Annual,Expenditure,"US dollars, PPP converted",,,2021,1827.028,6,Millions
CHL,Chile,Annual,Expenditure,"US dollars, PPP converted",,,2022,576.917,6,Millions
CHL,Chile,Annual,Expenditure,"US dollars, PPP converted",,,2020,607.635,6,Millions
CHL,Chile,Annual,Expenditure,"US dollars, PPP converted",,,2020,903.853,6,Millions
CHL,Chile,Annual,Expenditure,"US dollars, PPP converted",,,2020,5.171,6,Millions
CHL,Chile,Annual,Expenditure,"US dollars, PPP converted",,,2021,755.885,6,Millions
CHL,Chile,Annual,Expenditure,"US dollars, PPP converted",,,2021,3759.152,6,Millions
CHL,Chile,Annual,Expenditure,"US dollars, PPP converted",,,2020,70.227,6,Millions
CHL,Chile,Annual,Expenditure,"US dollars, PPP converted",,,2022,112.502,6,Millions
CHL,Chile,Annual,Expenditure,"US dollars, PPP converted",,,2021,212.944,6,Millions
CHL,Chile,Annual,Expenditure,"US dollars, PPP converted",,,2020,143.744,6,Millions
COL,Colombia,Annual,Expenditure,"US dollars, PPP converted",,,2022,5785.009,6,Millions
COL,Colombia,Annual,Expenditure,"US dollars, PPP converted",,,2021,17554.071,6,Millions
COL,Colombia,Annual,Expenditure,"US dollars, PPP converted",,,2020,5580.605,6,Millions
COL,Colombia,Annual,Expenditure,"US dollars, PPP converted",,,2021,929.405,6,Millions
COL,Colombia,Annual,Expenditure,"US dollars, PPP converted",,,2020,175.001,6,Millions
COL,Colombia,Annual,Expenditure,"US dollars, PPP converted",,,2020,1184.264,6,Millions
COL,Colombia,Annual,Expenditure,"US dollars, PPP converted",,,2023,696.646,6,Millions
COL,Colombia,Annual,Expenditure,"US dollars, PPP converted",,,2022,95.768,6,Millions
COL,Colombia,Annual,Expenditure,"US dollars, PPP converted",,,2023,6.985,6,Millions
COL,Colombia,Annual,Expenditure,"US dollars, PPP converted",,,2021,75.299,6,Millions
COL,Colombia,Annual,Expenditure,"US dollars, PPP converted",,,2020,0.17,6,Millions
COL,Colombia,Annual,Expenditure,"US dollars, PPP converted",,,2022,47.739,6,Millions
COL,Colombia,Annual,Expenditure,"US dollars, PPP converted",,,2021,4755.858,6,Millions
COL,Colombia,Annual,Expenditure,"US dollars, PPP converted",,,2020,351.194,6,Millions
COL,Colombia,Annual,Expenditure,"US dollars, PPP converted",,,2022,4828.777,6,Millions
COL,Colombia,Annual,Expenditure,"US dollars, PPP converted",,,2021,3220.967,6,Millions
COL,Colombia,Annual,Expenditure,"US dollars, PPP converted",,,2022,4.543,6,Millions
COL,Colombia,Annual,Expenditure,"US dollars, PPP converted",,,2020,25.689,6,Millions
COL,Colombia,Annual,Expenditure,"US dollars, PPP converted",,,2022,221.578,6,Millions
COL,Colombia,Annual,Expenditure,"US dollars, PPP converted",,,2021,263.006,6,Millions
COL,Colombia,Annual,Expenditure,"US dollars, PPP converted",,,2020,228.045,6,Millions
COL,Colombia,Annual,Expenditure,"US dollars, PPP converted",,,2022,233.388,6,Millions
COL,Colombia,Annual,Expenditure,"US dollars, PPP converted",,,2021,569.977,6,Millions
COL,Colombia,Annual,Expenditure,"US dollars, PPP converted",,,2020,17.244,6,Millions
COL,Colombia,Annual,Expenditure,"US dollars, PPP converted",,,2022,205.793,6,Millions
COL,Colombia,Annual,Expenditure,"US dollars, PPP converted",,,2021,375.975,6,Millions
COL,Colombia,Annual,Expenditure,"US dollars, PPP converted",,,2020,279.7,6,Millions
COL,Colombia,Annual,Expenditure,"US dollars, PPP converted",,,2022,888.742,6,Millions
COL,Colombia,Annual,Expenditure,"US dollars, PPP converted",,,2021,606.542,6,Millions
COL,Colombia,Annual,Expenditure,"US dollars, PPP converted",,,2021,154.831,6,Millions
CRI,Costa Rica,Annual,Expenditure,"US dollars, PPP converted",,,2022,42.457,6,Millions
CRI,Costa Rica,Annual,Expenditure,"US dollars, PPP converted",,,2020,692.395,6,Millions
CRI,Costa Rica,Annual,Expenditure,"US dollars, PPP converted",,,2021,336.703,6,Millions
CRI,Costa Rica,Annual,Expenditure,"US dollars, PPP converted",,,2021,6636.077,6,Millions
CRI,Costa Rica,Annual,Expenditure,"US dollars, PPP converted",,,2020,2362.516,6,Millions
CRI,Costa Rica,Annual,Expenditure,"US dollars, PPP converted",,,2022,578.432,6,Millions
CRI,Costa Rica,Annual,Expenditure,"US dollars, PPP converted",,,2022,633.305,6,Millions
CRI,Costa Rica,Annual,Expenditure,"US dollars, PPP converted",,,2021,1104.053,6,Millions
CRI,Costa Rica,Annual,Expenditure,"US dollars, PPP converted",,,2020,1226.096,6,Millions
CRI,Costa Rica,Annual,Expenditure,"US dollars, PPP converted",,,2022,134.415,6,Millions
CRI,Costa Rica,Annual,Expenditure,"US dollars, PPP converted",,,2021,162.309,6,Millions
CRI,Costa Rica,Annual,Expenditure,"US dollars, PPP converted",,,2020,0.207,6,Millions
CRI,Costa Rica,Annual,Expenditure,"US dollars, PPP converted",,,2020,763.281,6,Millions
CRI,Costa Rica,Annual,Expenditure,"US dollars, PPP converted",,,2021,1907.234,6,Millions
CRI,Costa Rica,Annual,Expenditure,"US dollars, PPP converted",,,2020,4245.819,6,Millions
CRI,Costa Rica,Annual,Expenditure,"US dollars, PPP converted",,,2022,127.166,6,Millions
CRI,Costa Rica,Annual,Expenditure,"US dollars, PPP converted",,,2020,59.789,6,Millions
CRI,Costa Rica,Annual,Expenditure,"US dollars, PPP converted",,,2021,174.45,6,Millions
CRI,Costa Rica,Annual,Expenditure,"US dollars, PPP converted",,,2022,355.928,6,Millions
CRI,Costa Rica,Annual,Expenditure,"US dollars, PPP converted",,,2020,1956.479,6,Millions
CRI,Costa Rica,Annual,Expenditure,"US dollars, PPP converted",,,2021,1463.371,6,Millions
CRI,Costa Rica,Annual,Expenditure,"US dollars, PPP converted",,,2020,1532.857,6,Millions
CRI,Costa Rica,Annual,Expenditure,"US dollars, PPP converted",,,2023,2854.085,6,Millions
CRI,Costa Rica,Annual,Expenditure,"US dollars, PPP converted",,,2022,21186.729,6,Millions
CRI,Costa Rica,Annual,Expenditure,"US dollars, PPP converted",,,2021,14194.337,6,Millions
CRI,Costa Rica,Annual,Expenditure,"US dollars, PPP converted",,,2020,1.953,6,Millions
CRI,Costa Rica,Annual,Expenditure,"US dollars, PPP converted",,,2022,29.703,6,Millions
CRI,Costa Rica,Annual,Expenditure,"US dollars, PPP converted",,,2021,21.135,6,Millions
CRI,Costa Rica,Annual,Expenditure,"US dollars, PPP converted",,,2020,5.046,6,Millions
CRI,Costa Rica,Annual,Expenditure,"US dollars, PPP converted",,,2022,201.124,6,Millions
CYP,Cyprus,Annual,Expenditure,"US dollars, PPP converted",,,2021,651.622,6,Millions
CYP,Cyprus,Annual,Expenditure,"US dollars, PPP converted",,,2020,540.249,6,Millions
CYP,Cyprus,Annual,Expenditure,"US dollars, PPP converted",,,2022,400.77,6,Millions
CYP,Cyprus,Annual,Expenditure,"US dollars, PPP converted",,,2021,1159.806,6,Millions
CYP,Cyprus,Annual,Expenditure,"US dollars, PPP converted",,,2022,667.351,6,Millions
CYP,Cyprus,Annual,Expenditure,"US dollars, PPP converted",,,2021,4145.495,6,Millions
CYP,Cyprus,Annual,Expenditure,"US dollars, PPP converted",,,2020,4766.794,6,Millions
CYP,Cyprus,Annual,Expenditure,"US dollars, PPP converted",,,2022,666.822,6,Millions
CYP,Cyprus,Annual,Expenditure,"US dollars, PPP converted",,,2021,2115.219,6,Millions
CYP,Cyprus,Annual,Expenditure,"US dollars, PPP converted",,,2020,0.241,6,Millions
CYP,Cyprus,Annual,Expenditure,"US dollars, PPP converted",,,2022,147.165,6,Millions
CYP,Cyprus,Annual,Expenditure,"US dollars, PPP converted",,,2021,253.314,6,Millions
CYP,Cyprus,Annual,Expenditure,"US dollars, PPP converted",,,2022,3021.438,6,Millions
CYP,Cyprus,Annual,Expenditure,"US dollars, PPP converted",,,2021,4416.147,6,Millions
CYP,Cyprus,Annual,Expenditure,"US dollars, PPP converted",,,2020,459.444,6,Millions
CYP,Cyprus,Annual,Expenditure,"US dollars, PPP converted",,,2020,297.743,6,Millions
CYP,Cyprus,Annual,Expenditure,"US dollars, PPP converted",,,2022,14.805,6,Millions
CYP,Cyprus,Annual,Expenditure,"US dollars, PPP converted",,,2021,145.41,6,Millions
CYP,Cyprus,Annual,Expenditure,"US dollars, PPP converted",,,2020,22.088,6,Millions
CYP,Cyprus,Annual,Expenditure,"US dollars, PPP converted",,,2021,6.709,6,Millions
CYP,Cyprus,Annual,Expenditure,"US dollars, PPP converted",,,2020,15.579,6,Millions
CYP,Cyprus,Annual,Expenditure,"US dollars, PPP converted",,,2022,0.521,6,Millions
CYP,Cyprus,Annual,Expenditure,"US dollars, PPP converted",,,2021,6494.063,6,Millions
CYP,Cyprus,Annual,Expenditure,"US dollars, PPP converted",,,2020,16800.469,6,Millions
CYP,Cyprus,Annual,Expenditure,"US dollars, PPP converted",,,2022,12236.595,6,Millions
CYP,Cyprus,Annual,Expenditure,"US dollars, PPP converted",,,2021,6.395,6,Millions
CYP,Cyprus,Annual,Expenditure,"US dollars, PPP converted",,,2020,26.391,6,Millions
CYP,Cyprus,Annual,Expenditure,"US dollars, PPP converted",,,2021,88.059,6,Millions
CYP,Cyprus,Annual,Expenditure,"US dollars, PPP converted",,,2020,11.675,6,Millions
CYP,Cyprus,Annual,Expenditure,"US dollars, PPP converted",,,2022,45.906,6,Millions
CYP,Cyprus,Annual,Expenditure,"US dollars, PPP converted",,,2020,102.298,6,Millions
CYP,Cyprus,Annual,Expenditure,"US dollars, PPP converted",,,2022,3817.546,6,Millions
CYP,Cyprus,Annual,Expenditure,"US dollars, PPP converted",,,2021,9160.447,6,Millions
CYP,Cyprus,Annual,Expenditure,"US dollars, PPP converted",,,2020,100.654,6,Millions
CYP,Cyprus,Annual,Expenditure,"US dollars, PPP converted",,,2022,12.274,6,Millions
CYP,Cyprus,Annual,Expenditure,"US dollars, PPP converted",,,2021,12.717,6,Millions
CZE,Czechia,Annual,Expenditure,"US dollars, PPP converted",,,2020,6.874,6,Millions
CZE,Czechia,Annual,Expenditure,"US dollars, PPP converted",,,2022,7.816,6,Millions
CZE,Czechia,Annual,Expenditure,"US dollars, PPP converted",,,2022,60.325,6,Millions
CZE,Czechia,Annual,Expenditure,"US dollars, PPP converted",,,2021,155.408,6,Millions
CZE,Czechia,Annual,Expenditure,"US dollars, PPP converted",,,2020,53.217,6,Millions
CZE,Czechia,Annual,Expenditure,"US dollars, PPP converted",,,2022,5.302,6,Millions
CZE,Czechia,Annual,Expenditure,"US dollars, PPP converted",,,2021,9.439,6,Millions
CZE,Czechia,Annual,Expenditure,"US dollars, PPP converted",,,2020,4.076,6,Millions
CZE,Czechia,Annual,Expenditure,"US dollars, PPP converted",,,2021,2817.745,6,Millions
CZE,Czechia,Annual,Expenditure,"US dollars, PPP converted",,,2020,471.92,6,Millions
CZE,Czechia,Annual,Expenditure,"US dollars, PPP converted",,,2022,1976.54,6,Millions
CZE,Czechia,Annual,Expenditure,"US dollars, PPP converted",,,2021,2833.211,6,Millions
CZE,Czechia,Annual,Expenditure,"US dollars, PPP converted",,,2020,1851.039,6,Millions
CZE,Czechia,Annual,Expenditure,"US dollars, PPP converted",,,2020,56.545,6,Millions
CZE,Czechia,Annual,Expenditure,"US dollars, PPP converted",,,2021,194.712,6,Millions
CZE,Czechia,Annual,Expenditure,"US dollars, PPP converted",,,2022,93.918,6,Millions
CZE,Czechia,Annual,Expenditure,"US dollars, PPP converted",,,2021,111.397,6,Millions
CZE,Czechia,Annual,Expenditure,"US dollars, PPP converted",,,2020,68.869,6,Millions
CZE,Czechia,Annual,Expenditure,"US dollars, PPP converted",,,2022,175.154,6,Millions
CZE,Czechia,Annual,Expenditure,"US dollars, PPP converted",,,2021,12.186,6,Millions
CZE,Czechia,Annual,Expenditure,"US dollars, PPP converted",,,2022,2.885,6,Millions
CZE,Czechia,Annual,Expenditure,"US dollars, PPP converted",,,2021,150.173,6,Millions
CZE,Czechia,Annual,Expenditure,"US dollars, PPP converted",,,2020,202.494,6,Millions
CZE,Czechia,Annual,Expenditure,"US dollars, PPP converted",,,2022,91.087,6,Millions
CZE,Czechia,Annual,Expenditure,"US dollars, PPP converted",,,2021,4905.691,6,Millions
CZE,Czechia,Annual,Expenditure,"US dollars, PPP converted",,,2020,2665.596,6,Millions
CZE,Czechia,Annual,Expenditure,"US dollars, PPP converted",,,2020,4.763,6,Millions
CZE,Czechia,Annual,Expenditure,"US dollars, PPP converted",,,2023,124.473,6,Millions
CZE,Czechia,Annual,Expenditure,"US dollars, PPP converted",,,2022,1480.801,6,Millions
CZE,Czechia,Annual,Expenditure,"US dollars, PPP converted",,,2020,468.097,6,Millions
CZE,Czechia,Annual,Expenditure,"US dollars, PPP converted",,,2020,7.773,6,Millions
CZE,Czechia,Annual,Expenditure,"US dollars, PPP converted",,,2021,0.095,6,Millions
CZE,Czechia,Annual,Expenditure,"US dollars, PPP converted",,,2020,1710.244,6,Millions
CZE,Czechia,Annual,Expenditure,"US dollars, PPP converted",,,2022,274.375,6,Millions
DEU,Germany,Annual,Expenditure,"US dollars, PPP converted",,,2021,82.437,6,Millions
DEU,Germany,Annual,Expenditure,"US dollars, PPP converted",,,2020,107.641,6,Millions
DEU,Germany,Annual,Expenditure,"US dollars, PPP converted",,,2022,0.442,6,Millions
DEU,Germany,Annual,Expenditure,"US dollars, PPP converted",,,2022,4.148,6,Millions
DEU,Germany,Annual,Expenditure,"US dollars, PPP converted",,,2021,7.953,6,Millions
DEU,Germany,Annual,Expenditure,"US dollars, PPP converted",,,2020,3.592,6,Millions
DEU,Germany,Annual,Expenditure,"US dollars, PPP converted",,,2020,1.902,6,Millions
DEU,Germany,Annual,Expenditure,"US dollars, PPP converted",,,2022,32.695,6,Millions
DEU,Germany,Annual,Expenditure,"US dollars, PPP converted",,,2021,35.533,6,Millions
DEU,Germany,Annual,Expenditure,"US dollars, PPP converted",,,2021,1961.064,6,Millions
DEU,Germany,Annual,Expenditure,"US dollars, PPP converted",,,2020,398.506,6,Millions
DEU,Germany,Annual,Expenditure,"US dollars, PPP converted",,,2022,4524.738,6,Millions
DEU,Germany,Annual,Expenditure,"US dollars, PPP converted",,,2023,547.743,6,Millions
DEU,Germany,Annual,Expenditure,"US dollars, PPP converted",,,2020,1691.353,6,Millions
DEU,Germany,Annual,Expenditure,"US dollars, PPP converted",,,2022,0.92,6,Millions
DEU,Germany,Annual,Expenditure,"US dollars, PPP converted",,,2021,1.476,6,Millions
DEU,Germany,Annual,Expenditure,"US dollars, PPP converted",,,2020,14.936,6,Millions
DEU,Germany,Annual,Expenditure,"US dollars, PPP converted",,,2022,617.437,6,Millions
DEU,Germany,Annual,Expenditure,"US dollars, PPP converted",,,2021,1259.036,6,Millions
DEU,Germany,Annual,Expenditure,"US dollars, PPP converted",,,2020,131.398,6,Millions
DEU,Germany,Annual,Expenditure,"US dollars, PPP converted",,,2023,216.668,6,Millions
DEU,Germany,Annual,Expenditure,"US dollars, PPP converted",,,2021,1066.794,6,Millions
DEU,Germany,Annual,Expenditure,"US dollars, PPP converted",,,2020,3519.992,6,Millions
DEU,Germany,Annual,Expenditure,"US dollars, PPP converted",,,2022,696.915,6,Millions
DEU,Germany,Annual,Expenditure,"US dollars, PPP converted",,,2020,569.928,6,Millions
DEU,Germany,Annual,Expenditure,"US dollars, PPP converted",,,2021,3395.738,6,Millions
DEU,Germany,Annual,Expenditure,"US dollars, PPP converted",,,2020,358.33,6,Millions
DEU,Germany,Annual,Expenditure,"US dollars, PPP converted",,,2022,366.638,6,Millions
DEU,Germany,Annual,Expenditure,"US dollars, PPP converted",,,2021,650.898,6,Millions
DEU,Germany,Annual,Expenditure,"US dollars, PPP converted",,,2022,3541.278,6,Millions
DEU,Germany,Annual,Expenditure,"US dollars, PPP converted",,,2021,1932.566,6,Millions
DEU,Germany,Annual,Expenditure,"US dollars, PPP converted",,,2020,366.311,6,Millions
DEU,Germany,Annual,Expenditure,"US dollars, PPP converted",,,2023,1099.116,6,Millions
DEU,Germany,Annual,Expenditure,"US dollars, PPP converted",,,2022,15.385,6,Millions
DEU,Germany,Annual,Expenditure,"US dollars, PPP converted",,,2021,272.516,6,Millions
DEU,Germany,Annual,Expenditure,"US dollars, PPP converted",,,2020,90.482,6,Millions
DEU,Germany,Annual,Expenditure,"US dollars, PPP converted",,,2022,194.908,6,Millions
DEU,Germany,Annual,Expenditure,"US dollars, PPP converted",,,2021,307.128,6,Millions
DEU,Germany,Annual,Expenditure,"US dollars, PPP converted",,,2022,890.066,6,Millions
DEU,Germany,Annual,Expenditure,"US dollars, PPP converted",,,2021,3119.903,6,Millions
DEU,Germany,Annual,Expenditure,"US dollars, PPP converted",,,2023,525.935,6,Millions
DEU,Germany,Annual,Expenditure,"US dollars, PPP converted",,,2022,0.718,6,Millions
DEU,Germany,Annual,Expenditure,"US dollars, PPP converted",,,2021,1.263,6,Millions
DEU,Germany,Annual,Expenditure,"US dollars, PPP converted",,,2020,13.047,6,Millions
DEU,Germany,Annual,Expenditure,"US dollars, PPP converted",,,2020,299.659,6,Millions
DEU,Germany,Annual,Expenditure,"US dollars, PPP converted",,,2022,3.263,6,Millions
DEU,Germany,Annual,Expenditure,"US dollars, PPP converted",,,2020,30.259,6,Millions
DEU,Germany,Annual,Expenditure,"US dollars, PPP converted",,,2022,5320.089,6,Millions
DEU,Germany,Annual,Expenditure,"US dollars, PPP converted",,,2021,8524.303,6,Millions
DEU,Germany,Annual,Expenditure,"US dollars, PPP converted",,,2020,2923.171,6,Millions
DEU,Germany,Annual,Expenditure,"US dollars, PPP converted",,,2022,17.563,6,Millions
DEU,Germany,Annual,Expenditure,"US dollars, PPP converted",,,2020,1.224,6,Millions
DEU,Germany,Annual,Expenditure,"US dollars, PPP converted",,,2021,211.872,6,Millions
DEU,Germany,Annual,Expenditure,"US dollars, PPP converted",,,2022,167.498,6,Millions
DEU,Germany,Annual,Expenditure,"US dollars, PPP converted",,,2020,2672.759,6,Millions
DEU,Germany,Annual,Expenditure,"US dollars, PPP converted",,,2022,728.841,6,Millions
DNK,Denmark,Annual,Expenditure,"US dollars, PPP converted",,,2020,299.784,6,Millions
DNK,Denmark,Annual,Expenditure,"US dollars, PPP converted",,,2022,505.536,6,Millions
DNK,Denmark,Annual,Expenditure,"US dollars, PPP converted",,,2021,1796.821,6,Millions
DNK,Denmark,Annual,Expenditure,"US dollars, PPP converted",,,2020,2944.699,6,Millions
DNK,Denmark,Annual,Expenditure,"US dollars, PPP converted",,,2021,63.934,6,Millions
DNK,Denmark,Annual,Expenditure,"US dollars, PPP converted",,,2020,2.173,6,Millions
DNK,Denmark,Annual,Expenditure,"US dollars, PPP converted",,,2022,42.151,6,Millions
DNK,Denmark,Annual,Expenditure,"US dollars, PPP converted",,,2021,42.156,6,Millions
DNK,Denmark,Annual,Expenditure,"US dollars, PPP converted",,,2021,954.559,6,Millions
DNK,Denmark,Annual,Expenditure,"US dollars, PPP converted",,,2020,357.357,6,Millions
DNK,Denmark,Annual,Expenditure,"US dollars, PPP converted",,,2022,537.421,6,Millions
DNK,Denmark,Annual,Expenditure,"US dollars, PPP converted",,,2021,1405.778,6,Millions
DNK,Denmark,Annual,Expenditure,"US dollars, PPP converted",,,2022,5451.817,6,Millions
DNK,Denmark,Annual,Expenditure,"US dollars, PPP converted",,,2021,3514.167,6,Millions
DNK,Denmark,Annual,Expenditure,"US dollars, PPP converted",,,2020,1246.116,6,Millions
DNK,Denmark,Annual,Expenditure,"US dollars, PPP converted",,,2023,798.789,6,Millions
DNK,Denmark,Annual,Expenditure,"US dollars, PPP converted",,,2022,119.738,6,Millions
DNK,Denmark,Annual,Expenditure,"US dollars, PPP converted",,,2021,186.657,6,Millions
DNK,Denmark,Annual,Expenditure,"US dollars, PPP converted",,,2020,240.946,6,Millions
DNK,Denmark,Annual,Expenditure,"US dollars, PPP converted",,,2021,17.952,6,Millions
DNK,Denmark,Annual,Expenditure,"US dollars, PPP converted",,,2021,55.104,6,Millions
DNK,Denmark,Annual,Expenditure,"US dollars, PPP converted",,,2022,1.431,6,Millions
DNK,Denmark,Annual,Expenditure,"US dollars, PPP converted",,,2020,7.401,6,Millions
DNK,Denmark,Annual,Expenditure,"US dollars, PPP converted",,,2020,270.011,6,Millions
DNK,Denmark,Annual,Expenditure,"US dollars, PPP converted",,,2022,30.427,6,Millions
DNK,Denmark,Annual,Expenditure,"US dollars, PPP converted",,,2021,82.894,6,Millions
DNK,Denmark,Annual,Expenditure,"US dollars, PPP converted",,,2020,61.933,6,Millions
DNK,Denmark,Annual,Expenditure,"US dollars, PPP converted",,,2020,619.196,6,Millions
DNK,Denmark,Annual,Expenditure,"US dollars, PPP converted",,,2022,484.856,6,Millions
DNK,Denmark,Annual,Expenditure,"US dollars, PPP converted",,,2021,831.955,6,Millions
ESP,Spain,Annual,Expenditure,"US dollars, PPP converted",,,2022,712.622,6,Millions
ESP,Spain,Annual,Expenditure,"US dollars, PPP converted",,,2020,728.774,6,Millions
ESP,Spain,Annual,Expenditure,"US dollars, PPP converted",,,2021,1855.889,6,Millions
ESP,Spain,Annual,Expenditure,"US dollars, PPP converted",,,2020,110.558,6,Millions
ESP,Spain,Annual,Expenditure,"US dollars, PPP converted",,,2022,44.597,6,Millions
ESP,Spain,Annual,Expenditure,"US dollars, PPP converted",,,2021,95.903,6,Millions
ESP,Spain,Annual,Expenditure,"US dollars, PPP converted",,,2023,3.441,6,Millions
ESP,Spain,Annual,Expenditure,"US dollars, PPP converted",,,2022,2552.398,6,Millions
ESP,Spain,Annual,Expenditure,"US dollars, PPP converted",,,2021,8883.402,6,Millions
ESP,Spain,Annual,Expenditure,"US dollars, PPP converted",,,2020,10023.971,6,Millions
ESP,Spain,Annual,Expenditure,"US dollars, PPP converted",,,2021,801.045,6,Millions
ESP,Spain,Annual,Expenditure,"US dollars, PPP converted",,,2020,157.621,6,Millions
ESP,Spain,Annual,Expenditure,"US dollars, PPP converted",,,2020,306.626,6,Millions
ESP,Spain,Annual,Expenditure,"US dollars, PPP converted",,,2022,56.046,6,Millions
ESP,Spain,Annual,Expenditure,"US dollars, PPP converted",,,2021,184.146,6,Millions
ESP,Spain,Annual,Expenditure,"US dollars, PPP converted",,,2022,19.544,6,Millions
ESP,Spain,Annual,Expenditure,"US dollars, PPP converted",,,2021,172.941,6,Millions
ESP,Spain,Annual,Expenditure,"US dollars, PPP converted",,,2020,24.525,6,Millions
ESP,Spain,Annual,Expenditure,"US dollars, PPP converted",,,2022,0.672,6,Millions
ESP,Spain,Annual,Expenditure,"US dollars, PPP converted",,,2021,0.601,6,Millions
EST,Estonia,Annual,Expenditure,"US dollars, PPP converted",,,2020,0.067,6,Millions
EST,Estonia,Annual,Expenditure,"US dollars, PPP converted",,,2022,756.996,6,Millions
EST,Estonia,Annual,Expenditure,"US dollars, PPP converted",,,2020,56.438,6,Millions
EST,Estonia,Annual,Expenditure,"US dollars, PPP converted",,,2022,15.397,6,Millions
EST,Estonia,Annual,Expenditure,"US dollars, PPP converted",,,2022,978.777,6,Millions
EST,Estonia,Annual,Expenditure,"US dollars, PPP converted",,,2020,53.11,6,Millions
EST,Estonia,Annual,Expenditure,"US dollars, PPP converted",,,2021,6.928,6,Millions
EST,Estonia,Annual,Expenditure,"US dollars, PPP converted",,,2020,30.314,6,Millions
EST,Estonia,Annual,Expenditure,"US dollars, PPP converted",,,2022,2.24,6,Millions
EST,Estonia,Annual,Expenditure,"US dollars, PPP converted",,,2022,27.001,6,Millions
EST,Estonia,Annual,Expenditure,"US dollars, PPP converted",,,2021,76.372,6,Millions
EST,Estonia,Annual,Expenditure,"US dollars, PPP converted",,,2020,61.683,6,Millions
EST,Estonia,Annual,Expenditure,"US dollars, PPP converted",,,2023,0.482,6,Millions
EST,Estonia,Annual,Expenditure,"US dollars, PPP converted",,,2022,0.177,6,Millions
EST,Estonia,Annual,Expenditure,"US dollars, PPP converted",,,2021,0.068,6,Millions
EST,Estonia,Annual,Expenditure,"US dollars, PPP converted",,,2021,1881.228,6,Millions
EST,Estonia,Annual,Expenditure,"US dollars, PPP converted",,,2020,6.799,6,Millions
EST,Estonia,Annual,Expenditure,"US dollars, PPP converted",,,2022,0.417,6,Millions
EST,Estonia,Annual,Expenditure,"US dollars, PPP converted",,,2021,5.473,6,Millions
EST,Estonia,Annual,Expenditure,"US dollars, PPP converted",,,2020,4.783,6,Millions
EST,Estonia,Annual,Expenditure,"US dollars, PPP converted",,,2020,23.956,6,Millions
EST,Estonia,Annual,Expenditure,"US dollars, PPP converted",,,2022,7.967,6,Millions
EST,Estonia,Annual,Expenditure,"US dollars, PPP converted",,,2021,16.751,6,Millions
EST,Estonia,Annual,Expenditure,"US dollars, PPP converted",,,2022,7.991,6,Millions
EST,Estonia,Annual,Expenditure,"US dollars, PPP converted",,,2021,11.832,6,Millions
EST,Estonia,Annual,Expenditure,"US dollars, PPP converted",,,2020,61.304,6,Millions
EST,Estonia,Annual,Expenditure,"US dollars, PPP converted",,,2021,7.039,6,Millions
EST,Estonia,Annual,Expenditure,"US dollars, PPP converted",,,2020,9.804,6,Millions
EST,Estonia,Annual,Expenditure,"US dollars, PPP converted",,,2022,3449.113,6,Millions
EST,Estonia,Annual,Expenditure,"US dollars, PPP converted",,,2023,918.057,6,Millions
EST,Estonia,Annual,Expenditure,"US dollars, PPP converted",,,2022,0.692,6,Millions
EST,Estonia,Annual,Expenditure,"US dollars, PPP converted",,,2021,2.8,6,Millions
EST,Estonia,Annual,Expenditure,"US dollars, PPP converted",,,2022,155.387,6,Millions
EST,Estonia,Annual,Expenditure,"US dollars, PPP converted",,,2021,269.278,6,Millions
EST,Estonia,Annual,Expenditure,"US dollars, PPP converted",,,2020,170.757,6,Millions
EST,Estonia,Annual,Expenditure,"US dollars, PPP converted",,,2021,0.118,6,Millions
EST,Estonia,Annual,Expenditure,"US dollars, PPP converted",,,2021,4018.137,6,Millions
EST,Estonia,Annual,Expenditure,"US dollars, PPP converted",,,2020,310.429,6,Millions
EST,Estonia,Annual,Expenditure,"US dollars, PPP converted",,,2022,76.005,6,Millions
EST,Estonia,Annual,Expenditure,"US dollars, PPP converted",,,2020,303.239,6,Millions
EST,Estonia,Annual,Expenditure,"US dollars, PPP converted",,,2022,243.019,6,Millions
EST,Estonia,Annual,Expenditure,"US dollars, PPP converted",,,2021,75.559,6,Millions
FIN,Finland,Annual,Expenditure,"US dollars, PPP converted",,,2020,34.238,6,Millions
FIN,Finland,Annual,Expenditure,"US dollars, PPP converted",,,2020,387.566,6,Millions
FIN,Finland,Annual,Expenditure,"US dollars, PPP converted",,,2021,734.448,6,Millions
FIN,Finland,Annual,Expenditure,"US dollars, PPP converted",,,2022,455.184,6,Millions
FIN,Finland,Annual,Expenditure,"US dollars, PPP converted",,,2022,516.713,6,Millions
FIN,Finland,Annual,Expenditure,"US dollars, PPP converted",,,2021,851.115,6,Millions
FIN,Finland,Annual,Expenditure,"US dollars, PPP converted",,,2020,2898.094,6,Millions
FIN,Finland,Annual,Expenditure,"US dollars, PPP converted",,,2021,84.609,6,Millions
FIN,Finland,Annual,Expenditure,"US dollars, PPP converted",,,2020,28.822,6,Millions
FIN,Finland,Annual,Expenditure,"US dollars, PPP converted",,,2022,73.112,6,Millions
FIN,Finland,Annual,Expenditure,"US dollars, PPP converted",,,2022,0.326,6,Millions
FIN,Finland,Annual,Expenditure,"US dollars, PPP converted",,,2021,4.684,6,Millions
FRA,France,Annual,Expenditure,"US dollars, PPP converted",,,2020,4.178,6,Millions
FRA,France,Annual,Expenditure,"US dollars, PPP converted",,,2023,320.7,6,Millions
FRA,France,Annual,Expenditure,"US dollars, PPP converted",,,2022,1445.648,6,Millions
FRA,France,Annual,Expenditure,"US dollars, PPP converted",,,2021,637.625,6,Millions
FRA,France,Annual,Expenditure,"US dollars, PPP converted",,,2020,1052.284,6,Millions
FRA,France,Annual,Expenditure,"US dollars, PPP converted",,,2021,0.014,6,Millions
FRA,France,Annual,Expenditure,"US dollars, PPP converted",,,2020,652.534,6,Millions
FRA,France,Annual,Expenditure,"US dollars, PPP converted",,,2020,21.492,6,Millions
FRA,France,Annual,Expenditure,"US dollars, PPP converted",,,2021,83.551,6,Millions
FRA,France,Annual,Expenditure,"US dollars, PPP converted",,,2022,40.248,6,Millions
FRA,France,Annual,Expenditure,"US dollars, PPP converted",,,2022,3.381,6,Millions
FRA,France,Annual,Expenditure,"US dollars, PPP converted",,,2021,90.465,6,Millions
FRA,France,Annual,Expenditure,"US dollars, PPP converted",,,2020,2.32,6,Millions
FRA,France,Annual,Expenditure,"US dollars, PPP converted",,,2021,56.173,6,Millions
FRA,France,Annual,Expenditure,"US dollars, PPP converted",,,2020,846.18,6,Millions
FRA,France,Annual,Expenditure,"US dollars, PPP converted",,,2022,0.914,6,Millions
FRA,France,Annual,Expenditure,"US dollars, PPP converted",,,2021,0.748,6,Millions
FRA,France,Annual,Expenditure,"US dollars, PPP converted",,,2020,0.079,6,Millions
FRA,France,Annual,Expenditure,"US dollars, PPP converted",,,2022,34.417,6,Millions
FRA,France,Annual,Expenditure,"US dollars, PPP converted",,,2021,76.174,6,Millions
FRA,France,Annual,Expenditure,"US dollars, PPP converted",,,2020,0.226,6,Millions
FRA,France,Annual,Expenditure,"US dollars, PPP converted",,,2022,2953.874,6,Millions
FRA,France,Annual,Expenditure,"US dollars, PPP converted",,,2021,517.744,6,Millions
FRA,France,Annual,Expenditure,"US dollars, PPP converted",,,2021,455.038,6,Millions
FRA,France,Annual,Expenditure,"US dollars, PPP converted",,,2020,391.956,6,Millions
FRA,France,Annual,Expenditure,"US dollars, PPP converted",,,2022,418.918,6,Millions
FRA,France,Annual,Expenditure,"US dollars, PPP converted",,,2021,1342.085,6,Millions
FRA,France,Annual,Expenditure,"US dollars, PPP converted",,,2020,1333.279,6,Millions
GBR,United Kingdom,Annual,Expenditure,"US dollars, PPP converted",,,2022,58.826,6,Millions
GBR,United Kingdom,Annual,Expenditure,"US dollars, PPP converted",,,2021,102.877,6,Millions
GBR,United Kingdom,Annual,Expenditure,"US dollars, PPP converted",,,2020,13.365,6,Millions
GBR,United Kingdom,Annual,Expenditure,"US dollars, PPP converted",,,2021,422.999,6,Millions
GBR,United Kingdom,Annual,Expenditure,"US dollars, PPP converted",,,2022,2277.686,6,Millions
GBR,United Kingdom,Annual,Expenditure,"US dollars, PPP converted",,,2022,659.656,6,Millions
GBR,United Kingdom,Annual,Expenditure,"US dollars, PPP converted",,,2021,1034.783,6,Millions
GBR,United Kingdom,Annual,Expenditure,"US dollars, PPP converted",,,2022,3.688,6,Millions
GBR,United Kingdom,Annual,Expenditure,"US dollars, PPP converted",,,2021,51.77,6,Millions
GBR,United Kingdom,Annual,Expenditure,"US dollars, PPP converted",,,2020,737.12,6,Millions
GBR,United Kingdom,Annual,Expenditure,"US dollars, PPP converted",,,2021,33.074,6,Millions
GBR,United Kingdom,Annual,Expenditure,"US dollars, PPP converted",,,2020,28.377,6,Millions
GBR,United Kingdom,Annual,Expenditure,"US dollars, PPP converted",,,2022,8.073,6,Millions
GBR,United Kingdom,Annual,Expenditure,"US dollars, PPP converted",,,2020,0.202,6,Millions
GBR,United Kingdom,Annual,Expenditure,"US dollars, PPP converted",,,2022,8.748,6,Millions
GBR,United Kingdom,Annual,Expenditure,"US dollars, PPP converted",,,2021,147.252,6,Millions
GRC,Greece,Annual,Expenditure,"US dollars, PPP converted",,,2021,125.933,6,Millions
GRC,Greece,Annual,Expenditure,"US dollars, PPP converted",,,2020,282.122,6,Millions
GRC,Greece,Annual,Expenditure,"US dollars, PPP converted",,,2022,1.449,6,Millions
GRC,Greece,Annual,Expenditure,"US dollars, PPP converted",,,2022,0.772,6,Millions
HRV,Croatia,Annual,Expenditure,"US dollars, PPP converted",,,2021,6.601,6,Millions
HRV,Croatia,Annual,Expenditure,"US dollars, PPP converted",,,2020,156.229,6,Millions
HRV,Croatia,Annual,Expenditure,"US dollars, PPP converted",,,2021,7.712,6,Millions
HRV,Croatia,Annual,Expenditure,"US dollars, PPP converted",,,2022,0.989,6,Millions
HRV,Croatia,Annual,Expenditure,"US dollars, PPP converted",,,2021,267.099,6,Millions
HRV,Croatia,Annual,Expenditure,"US dollars, PPP converted",,,2020,289.805,6,Millions
HRV,Croatia,Annual,Expenditure,"US dollars, PPP converted",,,2020,178.842,6,Millions
HRV,Croatia,Annual,Expenditure,"US dollars, PPP converted",,,2022,83.227,6,Millions
HRV,Croatia,Annual,Expenditure,"US dollars, PPP converted",,,2020,18.81,6,Millions
HRV,Croatia,Annual,Expenditure,"US dollars, PPP converted",,,2021,70.425,6,Millions
HRV,Croatia,Annual,Expenditure,"US dollars, PPP converted",,,2022,31.219,6,Millions
HRV,Croatia,Annual,Expenditure,"US dollars, PPP converted",,,2021,678.641,6,Millions
HRV,Croatia,Annual,Expenditure,"US dollars, PPP converted",,,2020,790.846,6,Millions
HRV,Croatia,Annual,Expenditure,"US dollars, PPP converted",,,2021,4518.684,6,Millions
HRV,Croatia,Annual,Expenditure,"US dollars, PPP converted",,,2020,1763.213,6,Millions
HRV,Croatia,Annual,Expenditure,"US dollars, PPP converted",,,2022,2106.394,6,Millions
HRV,Croatia,Annual,Expenditure,"US dollars, PPP converted",,,2022,2.383,6,Millions
HRV,Croatia,Annual,Expenditure,"US dollars, PPP converted",,,2022,66.175,6,Millions
HRV,Croatia,Annual,Expenditure,"US dollars, PPP converted",,,2021,39.712,6,Millions
HRV,Croatia,Annual,Expenditure,"US dollars, PPP converted",,,2021,16.632,6,Millions
HRV,Croatia,Annual,Expenditure,"US dollars, PPP converted",,,2020,1.815,6,Millions
HRV,Croatia,Annual,Expenditure,"US dollars, PPP converted",,,2022,60.964,6,Millions
HRV,Croatia,Annual,Expenditure,"US dollars, PPP converted",,,2021,183.946,6,Millions
HRV,Croatia,Annual,Expenditure,"US dollars, PPP converted",,,2021,1128.907,6,Millions
HRV,Croatia,Annual,Expenditure,"US dollars, PPP converted",,,2021,5.561,6,Millions
HRV,Croatia,Annual,Expenditure,"US dollars, PPP converted",,,2020,13.645,6,Millions
HRV,Croatia,Annual,Expenditure,"US dollars, PPP converted",,,2022,4163.526,6,Millions
HRV,Croatia,Annual,Expenditure,"US dollars, PPP converted",,,2022,6.619,6,Millions
HRV,Croatia,Annual,Expenditure,"US dollars, PPP converted",,,2021,39.884,6,Millions
HRV,Croatia,Annual,Expenditure,"US dollars, PPP converted",,,2022,44.409,6,Millions
HUN,Hungary,Annual,Expenditure,"US dollars, PPP converted",,,2021,125.222,6,Millions
HUN,Hungary,Annual,Expenditure,"US dollars, PPP converted",,,2020,44.994,6,Millions
HUN,Hungary,Annual,Expenditure,"US dollars, PPP converted",,,2020,9925.775,6,Millions
HUN,Hungary,Annual,Expenditure,"US dollars, PPP converted",,,2021,7854.446,6,Millions
HUN,Hungary,Annual,Expenditure,"US dollars, PPP converted",,,2020,81.946,6,Millions
HUN,Hungary,Annual,Expenditure,"US dollars, PPP converted",,,2020,49.964,6,Millions
HUN,Hungary,Annual,Expenditure,"US dollars, PPP converted",,,2021,73.367,6,Millions
HUN,Hungary,Annual,Expenditure,"US dollars, PPP converted",,,2022,123.461,6,Millions
HUN,Hungary,Annual,Expenditure,"US dollars, PPP converted",,,2022,94.916,6,Millions
HUN,Hungary,Annual,Expenditure,"US dollars, PPP converted",,,2021,74.91,6,Millions
IRL,Ireland,Annual,Expenditure,"US dollars, PPP converted",,,2020,3.785,6,Millions
IRL,Ireland,Annual,Expenditure,"US dollars, PPP converted",,,2021,72.894,6,Millions
IRL,Ireland,Annual,Expenditure,"US dollars, PPP converted",,,2020,1.961,6,Millions
IRL,Ireland,Annual,Expenditure,"US dollars, PPP converted",,,2022,2.489,6,Millions
IRL,Ireland,Annual,Expenditure,"US dollars, PPP converted",,,2022,23.744,6,Millions
IRL,Ireland,Annual,Expenditure,"US dollars, PPP converted",,,2021,70.954,6,Millions
IRL,Ireland,Annual,Expenditure,"US dollars, PPP converted",,,2020,54.102,6,Millions
IRL,Ireland,Annual,Expenditure,"US dollars, PPP converted",,,2020,38.643,6,Millions
IRL,Ireland,Annual,Expenditure,"US dollars, PPP converted",,,2022,2.93,6,Millions
IRL,Ireland,Annual,Expenditure,"US dollars, PPP converted",,,2021,2.654,6,Millions
ISL,Iceland,Annual,Expenditure,"US dollars, PPP converted",,,2022,7175.455,6,Millions
ISL,Iceland,Annual,Expenditure,"US dollars, PPP converted",,,2021,10684.429,6,Millions
ISL,Iceland,Annual,Expenditure,"US dollars, PPP converted",,,2020,3550.449,6,Millions
ISL,Iceland,Annual,Expenditure,"US dollars, PPP converted",,,2022,6434.56,6,Millions
ISL,Iceland,Annual,Expenditure,"US dollars, PPP converted",,,2021,10489.958,6,Millions
ISL,Iceland,Annual,Expenditure,"US dollars, PPP converted",,,2020,7903.645,6,Millions
ISL,Iceland,Annual,Expenditure,"US dollars, PPP converted",,,2022,2155.265,6,Millions
ISL,Iceland,Annual,Expenditure,"US dollars, PPP converted",,,2022,64.446,6,Millions
ISL,Iceland,Annual,Expenditure,"US dollars, PPP converted",,,2021,1347.055,6,Millions
ISL,Iceland,Annual,Expenditure,"US dollars, PPP converted",,,2020,1324.254,6,Millions
ISL,Iceland,Annual,Expenditure,"US dollars, PPP converted",,,2023,13.179,6,Millions
ISL,Iceland,Annual,Expenditure,"US dollars, PPP converted",,,2020,4.087,6,Millions
ISL,Iceland,Annual,Expenditure,"US dollars, PPP converted",,,2020,6.707,6,Millions
ISL,Iceland,Annual,Expenditure,"US dollars, PPP converted",,,2021,0.648,6,Millions
ISL,Iceland,Annual,Expenditure,"US dollars, PPP converted",,,2022,8.23,6,Millions
ISL,Iceland,Annual,Expenditure,"US dollars, PPP converted",,,2022,2943.651,6,Millions
ISL,Iceland,Annual,Expenditure,"US dollars, PPP converted",,,2021,7484.124,6,Millions
ISL,Iceland,Annual,Expenditure,"US dollars, PPP converted",,,2020,83.092,6,Millions
ISL,Iceland,Annual,Expenditure,"US dollars, PPP converted",,,2021,2559.312,6,Millions
ISL,Iceland,Annual,Expenditure,"US dollars, PPP converted",,,2020,1736.171,6,Millions
ISL,Iceland,Annual,Expenditure,"US dollars, PPP converted",,,2021,62.116,6,Millions
ISL,Iceland,Annual,Expenditure,"US dollars, PPP converted",,,2022,4.902,6,Millions
ISL,Iceland,Annual,Expenditure,"US dollars, PPP converted",,,2021,8114.523,6,Millions
ISL,Iceland,Annual,Expenditure,"US dollars, PPP converted",,,2020,3.588,6,Millions
ISL,Iceland,Annual,Expenditure,"US dollars, PPP converted",,,2023,1260.27,6,Millions
ISL,Iceland,Annual,Expenditure,"US dollars, PPP converted",,,2023,1381.947,6,Millions
ISL,Iceland,Annual,Expenditure,"US dollars, PPP converted",,,2022,3998.196,6,Millions
ISL,Iceland,Annual,Expenditure,"US dollars, PPP converted",,,2021,2108.485,6,Millions
ISL,Iceland,Annual,Expenditure,"US dollars, PPP converted",,,2020,385.442,6,Millions
ISL,Iceland,Annual,Expenditure,"US dollars, PPP converted",,,2022,15.968,6,Millions
ISL,Iceland,Annual,Expenditure,"US dollars, PPP converted",,,2021,212.218,6,Millions
ISL,Iceland,Annual,Expenditure,"US dollars, PPP converted",,,2020,518.667,6,Millions
ISL,Iceland,Annual,Expenditure,"US dollars, PPP converted",,,2022,10296.54,6,Millions
ISL,Iceland,Annual,Expenditure,"US dollars, PPP converted",,,2022,3.637,6,Millions
ISL,Iceland,Annual,Expenditure,"US dollars, PPP converted",,,2020,22.796,6,Millions
ISL,Iceland,Annual,Expenditure,"US dollars, PPP converted",,,2022,291.703,6,Millions
ISR,Israel,Annual,Expenditure,"US dollars, PPP converted",,,2021,2079.74,6,Millions
ISR,Israel,Annual,Expenditure,"US dollars, PPP converted",,,2020,2971.935,6,Millions
ISR,Israel,Annual,Expenditure,"US dollars, PPP converted",,,2021,517.238,6,Millions
ISR,Israel,Annual,Expenditure,"US dollars, PPP converted",,,2022,699.35,6,Millions
ISR,Israel,Annual,Expenditure,"US dollars, PPP converted",,,2020,6986.224,6,Millions
ISR,Israel,Annual,Expenditure,"US dollars, PPP converted",,,2022,1710.487,6,Millions
ISR,Israel,Annual,Expenditure,"US dollars, PPP converted",,,2021,4898.546,6,Millions
ISR,Israel,Annual,Expenditure,"US dollars, PPP converted",,,2020,4034.296,6,Millions
ISR,Israel,Annual,Expenditure,"US dollars, PPP converted",,,2021,8862.774,6,Millions
ISR,Israel,Annual,Expenditure,"US dollars, PPP converted",,,2020,50.373,6,Millions
ISR,Israel,Annual,Expenditure,"US dollars, PPP converted",,,2021,59.585,6,Millions
ISR,Israel,Annual,Expenditure,"US dollars, PPP converted",,,2020,3.193,6,Millions
ISR,Israel,Annual,Expenditure,"US dollars, PPP converted",,,2022,69.225,6,Millions
ISR,Israel,Annual,Expenditure,"US dollars, PPP converted",,,2022,0.058,6,Millions
ISR,Israel,Annual,Expenditure,"US dollars, PPP converted",,,2021,0.078,6,Millions
ISR,Israel,Annual,Expenditure,"US dollars, PPP converted",,,2020,0.288,6,Millions
ISR,Israel,Annual,Expenditure,"US dollars, PPP converted",,,2022,19.235,6,Millions
ISR,Israel,Annual,Expenditure,"US dollars, PPP converted",,,2020,59.848,6,Millions
ISR,Israel,Annual,Expenditure,"US dollars, PPP converted",,,2022,266.154,6,Millions
ISR,Israel,Annual,Expenditure,"US dollars, PPP converted",,,2021,1288.807,6,Millions
ISR,Israel,Annual,Expenditure,"US dollars, PPP converted",,,2020,436.54,6,Millions
ISR,Israel,Annual,Expenditure,"US dollars, PPP converted",,,2022,3.867,6,Millions
ISR,Israel,Annual,Expenditure,"US dollars, PPP converted",,,2020,5.868,6,Millions
ISR,Israel,Annual,Expenditure,"US dollars, PPP converted",,,2021,8.445,6,Millions
JPN,Japan,Annual,Expenditure,"US dollars, PPP converted",,,2022,84.585,6,Millions
JPN,Japan,Annual,Expenditure,"US dollars, PPP converted",,,2021,47.128,6,Millions
JPN,Japan,Annual,Expenditure,"US dollars, PPP converted",,,2020,34.337,6,Millions
JPN,Japan,Annual,Expenditure,"US dollars, PPP converted",,,2022,13759.29,6,Millions
JPN,Japan,Annual,Expenditure,"US dollars, PPP converted",,,2021,10031.105,6,Millions
JPN,Japan,Annual,Expenditure,"US dollars, PPP converted",,,2020,4.272,6,Millions
JPN,Japan,Annual,Expenditure,"US dollars, PPP converted",,,2023,1953.489,6,Millions
JPN,Japan,Annual,Expenditure,"US dollars, PPP converted",,,2020,1488.989,6,Millions
JPN,Japan,Annual,Expenditure,"US dollars, PPP converted",,,2021,3637.39,6,Millions
JPN,Japan,Annual,Expenditure,"US dollars, PPP converted",,,2022,1547.898,6,Millions
JPN,Japan,Annual,Expenditure,"US dollars, PPP converted",,,2022,177.541,6,Millions
JPN,Japan,Annual,Expenditure,"US dollars, PPP converted",,,2021,458.57,6,Millions
JPN,Japan,Annual,Expenditure,"US dollars, PPP converted",,,2020,14.492,6,Millions
JPN,Japan,Annual,Expenditure,"US dollars, PPP converted",,,2022,7502.432,6,Millions
KOR,Korea,Annual,Expenditure,"US dollars, PPP converted",,,2021,21485.9,6,Millions
KOR,Korea,Annual,Expenditure,"US dollars, PPP converted",,,2020,6760.063,6,Millions
KOR,Korea,Annual,Expenditure,"US dollars, PPP converted",,,2022,100.982,6,Millions
KOR,Korea,Annual,Expenditure,"US dollars, PPP converted",,,2021,106.992,6,Millions
KOR,Korea,Annual,Expenditure,"US dollars, PPP converted",,,2022,604.718,6,Millions
KOR,Korea,Annual,Expenditure,"US dollars, PPP converted",,,2021,893.746,6,Millions
KOR,Korea,Annual,Expenditure,"US dollars, PPP converted",,,2022,917.074,6,Millions
KOR,Korea,Annual,Expenditure,"US dollars, PPP converted",,,2021,1013.812,6,Millions
KOR,Korea,Annual,Expenditure,"US dollars, PPP converted",,,2020,0.236,6,Millions
KOR,Korea,Annual,Expenditure,"US dollars, PPP converted",,,2022,899.375,6,Millions
KOR,Korea,Annual,Expenditure,"US dollars, PPP converted",,,2021,2651.233,6,Millions
KOR,Korea,Annual,Expenditure,"US dollars, PPP converted",,,2020,42.347,6,Millions
KOR,Korea,Annual,Expenditure,"US dollars, PPP converted",,,2022,10.523,6,Millions
KOR,Korea,Annual,Expenditure,"US dollars, PPP converted",,,2021,16.92,6,Millions
KOR,Korea,Annual,Expenditure,"US dollars, PPP converted",,,2020,79.947,6,Millions
KOR,Korea,Annual,Expenditure,"US dollars, PPP converted",,,2023,1.701,6,Millions
KOR,Korea,Annual,Expenditure,"US dollars, PPP converted",,,2020,1209.578,6,Millions
KOR,Korea,Annual,Expenditure,"US dollars, PPP converted",,,2020,0.198,6,Millions
KOR,Korea,Annual,Expenditure,"US dollars, PPP converted",,,2022,26.858,6,Millions
KOR,Korea,Annual,Expenditure,"US dollars, PPP converted",,,2021,65.202,6,Millions
KOR,Korea,Annual,Expenditure,"US dollars, PPP converted",,,2022,469.551,6,Millions
KOR,Korea,Annual,Expenditure,"US dollars, PPP converted",,,2021,880.841,6,Millions
KOR,Korea,Annual,Expenditure,"US dollars, PPP converted",,,2020,1009.474,6,Millions
KOR,Korea,Annual,Expenditure,"US dollars, PPP converted",,,2020,9816.137,6,Millions
KOR,Korea,Annual,Expenditure,"US dollars, PPP converted",,,2021,21.803,6,Millions
KOR,Korea,Annual,Expenditure,"US dollars, PPP converted",,,2022,1.884,6,Millions
KOR,Korea,Annual,Expenditure,"US dollars, PPP converted",,,2020,8.694,6,Millions
KOR,Korea,Annual,Expenditure,"US dollars, PPP converted",,,2022,8.376,6,Millions
KOR,Korea,Annual,Expenditure,"US dollars, PPP converted",,,2021,14.591,6,Millions
KOR,Korea,Annual,Expenditure,"US dollars, PPP converted",,,2020,71.695,6,Millions
KOR,Korea,Annual,Expenditure,"US dollars, PPP converted",,,2023,1.292,6,Millions
KOR,Korea,Annual,Expenditure,"US dollars, PPP converted",,,2022,14.058,6,Millions
KOR,Korea,Annual,Expenditure,"US dollars, PPP converted",,,2020,1.087,6,Millions
KOR,Korea,Annual,Expenditure,"US dollars, PPP converted",,,2021,1830.569,6,Millions
KOR,Korea,Annual,Expenditure,"US dollars, PPP converted",,,2020,244.003,6,Millions
KOR,Korea,Annual,Expenditure,"US dollars, PPP converted",,,2022,484.102,6,Millions
KOR,Korea,Annual,Expenditure,"US dollars, PPP converted",,,2022,0.403,6,Millions
KOR,Korea,Annual,Expenditure,"US dollars, PPP converted",,,2022,5376.554,6,Millions
KOR,Korea,Annual,Expenditure,"US dollars, PPP converted",,,2022,1971.569,6,Millions
KOR,Korea,Annual,Expenditure,"US dollars, PPP converted",,,2021,1655.923,6,Millions
KOR,Korea,Annual,Expenditure,"US dollars, PPP converted",,,2020,759.25,6,Millions
KOR,Korea,Annual,Expenditure,"US dollars, PPP converted",,,2021,0.768,6,Millions
KOR,Korea,Annual,Expenditure,"US dollars, PPP converted",,,2022,10.61,6,Millions
KOR,Korea,Annual,Expenditure,"US dollars, PPP converted",,,2022,268.165,6,Millions
LTU,Lithuania,Annual,Expenditure,"US dollars, PPP converted",,,2021,451.034,6,Millions
LTU,Lithuania,Annual,Expenditure,"US dollars, PPP converted",,,2020,322.517,6,Millions
LTU,Lithuania,Annual,Expenditure,"US dollars, PPP converted",,,2020,7.664,6,Millions
LTU,Lithuania,Annual,Expenditure,"US dollars, PPP converted",,,2022,1.125,6,Millions
LTU,Lithuania,Annual,Expenditure,"US dollars, PPP converted",,,2021,107.209,6,Millions
LTU,Lithuania,Annual,Expenditure,"US dollars, PPP converted",,,2020,237.174,6,Millions
LTU,Lithuania,Annual,Expenditure,"US dollars, PPP converted",,,2020,61.321,6,Millions
LTU,Lithuania,Annual,Expenditure,"US dollars, PPP converted",,,2022,12.539,6,Millions
LTU,Lithuania,Annual,Expenditure,"US dollars, PPP converted",,,2021,241.183,6,Millions
LTU,Lithuania,Annual,Expenditure,"US dollars, PPP converted",,,2020,99.146,6,Millions
LTU,Lithuania,Annual,Expenditure,"US dollars, PPP converted",,,2022,35.497,6,Millions
LTU,Lithuania,Annual,Expenditure,"US dollars, PPP converted",,,2021,82.703,6,Millions
LTU,Lithuania,Annual,Expenditure,"US dollars, PPP converted",,,2023,2.615,6,Millions
LTU,Lithuania,Annual,Expenditure,"US dollars, PPP converted",,,2022,8.738,6,Millions
LTU,Lithuania,Annual,Expenditure,"US dollars, PPP converted",,,2021,47.435,6,Millions
LTU,Lithuania,Annual,Expenditure,"US dollars, PPP converted",,,2022,0.576,6,Millions
LTU,Lithuania,Annual,Expenditure,"US dollars, PPP converted",,,2022,10.009,6,Millions
LTU,Lithuania,Annual,Expenditure,"US dollars, PPP converted",,,2021,19.424,6,Millions
LTU,Lithuania,Annual,Expenditure,"US dollars, PPP converted",,,2021,598.184,6,Millions
LTU,Lithuania,Annual,Expenditure,"US dollars, PPP converted",,,2020,919.263,6,Millions
LTU,Lithuania,Annual,Expenditure,"US dollars, PPP converted",,,2023,299.853,6,Millions
LTU,Lithuania,Annual,Expenditure,"US dollars, PPP converted",,,2022,798.05,6,Millions
LTU,Lithuania,Annual,Expenditure,"US dollars, PPP converted",,,2020,1196.217,6,Millions
LTU,Lithuania,Annual,Expenditure,"US dollars, PPP converted",,,2020,230.529,6,Millions
LTU,Lithuania,Annual,Expenditure,"US dollars, PPP converted",,,2020,111.368,6,Millions
LTU,Lithuania,Annual,Expenditure,"US dollars, PPP converted",,,2022,460.441,6,Millions
LUX,Luxembourg,Annual,Expenditure,"US dollars, PPP converted",,,2021,1038.739,6,Millions
LUX,Luxembourg,Annual,Expenditure,"US dollars, PPP converted",,,2023,156.963,6,Millions
LUX,Luxembourg,Annual,Expenditure,"US dollars, PPP converted",,,2020,48.515,6,Millions
LUX,Luxembourg,Annual,Expenditure,"US dollars, PPP converted",,,2021,10.925,6,Millions
LUX,Luxembourg,Annual,Expenditure,"US dollars, PPP converted",,,2022,7.966,6,Millions
LUX,Luxembourg,Annual,Expenditure,"US dollars, PPP converted",,,2021,55.861,6,Millions
LUX,Luxembourg,Annual,Expenditure,"US dollars, PPP converted",,,2020,36.876,6,Millions
LUX,Luxembourg,Annual,Expenditure,"US dollars, PPP converted",,,2022,788.233,6,Millions
LUX,Luxembourg,Annual,Expenditure,"US dollars, PPP converted",,,2021,1226.64,6,Millions
LUX,Luxembourg,Annual,Expenditure,"US dollars, PPP converted",,,2022,83.152,6,Millions
LUX,Luxembourg,Annual,Expenditure,"US dollars, PPP converted",,,2021,230.574,6,Millions
LUX,Luxembourg,Annual,Expenditure,"US dollars, PPP converted",,,2022,785.074,6,Millions
LUX,Luxembourg,Annual,Expenditure,"US dollars, PPP converted",,,2021,2269.694,6,Millions
LUX,Luxembourg,Annual,Expenditure,"US dollars, PPP converted",,,2021,219.238,6,Millions
LUX,Luxembourg,Annual,Expenditure,"US dollars, PPP converted",,,2020,197.77,6,Millions
LUX,Luxembourg,Annual,Expenditure,"US dollars, PPP converted",,,2022,0.09,6,Millions
LUX,Luxembourg,Annual,Expenditure,"US dollars, PPP converted",,,2021,0.099,6,Millions
LUX,Luxembourg,Annual,Expenditure,"US dollars, PPP converted",,,2020,0.3,6,Millions
LUX,Luxembourg,Annual,Expenditure,"US dollars, PPP converted",,,2022,170.042,6,Millions
LUX,Luxembourg,Annual,Expenditure,"US dollars, PPP converted",,,2021,4276.96,6,Millions
LUX,Luxembourg,Annual,Expenditure,"US dollars, PPP converted",,,2020,7149.63,6,Millions
LUX,Luxembourg,Annual,Expenditure,"US dollars, PPP converted",,,2022,1949.65,6,Millions
LUX,Luxembourg,Annual,Expenditure,"US dollars, PPP converted",,,2021,2545.342,6,Millions
LUX,Luxembourg,Annual,Expenditure,"US dollars, PPP converted",,,2020,442.635,6,Millions
LUX,Luxembourg,Annual,Expenditure,"US dollars, PPP converted",,,2021,787.387,6,Millions
LUX,Luxembourg,Annual,Expenditure,"US dollars, PPP converted",,,2020,878.048,6,Millions
LUX,Luxembourg,Annual,Expenditure,"US dollars, PPP converted",,,2021,975.113,6,Millions
LUX,Luxembourg,Annual,Expenditure,"US dollars, PPP converted",,,2021,138.461,6,Millions
LUX,Luxembourg,Annual,Expenditure,"US dollars, PPP converted",,,2021,1619.982,6,Millions
LUX,Luxembourg,Annual,Expenditure,"US dollars, PPP converted",,,2020,1634.273,6,Millions
LUX,Luxembourg,Annual,Expenditure,"US dollars, PPP converted",,,2020,20.554,6,Millions
LUX,Luxembourg,Annual,Expenditure,"US dollars, PPP converted",,,2021,2046.529,6,Millions
LUX,Luxembourg,Annual,Expenditure,"US dollars, PPP converted",,,2020,7156.238,6,Millions
LUX,Luxembourg,Annual,Expenditure,"US dollars, PPP converted",,,2022,1752.113,6,Millions
LUX,Luxembourg,Annual,Expenditure,"US dollars, PPP converted",,,2022,305.082,6,Millions
LUX,Luxembourg,Annual,Expenditure,"US dollars, PPP converted",,,2021,702.062,6,Millions
LUX,Luxembourg,Annual,Expenditure,"US dollars, PPP converted",,,2020,314.545,6,Millions
LUX,Luxembourg,Annual,Expenditure,"US dollars, PPP converted",,,2022,1014.639,6,Millions
LUX,Luxembourg,Annual,Expenditure,"US dollars, PPP converted",,,2021,1440.865,6,Millions
LUX,Luxembourg,Annual,Expenditure,"US dollars, PPP converted",,,2020,1089.858,6,Millions
LUX,Luxembourg,Annual,Expenditure,"US dollars, PPP converted",,,2021,46.565,6,Millions
LUX,Luxembourg,Annual,Expenditure,"US dollars, PPP converted",,,2020,741.113,6,Millions
LVA,Latvia,Annual,Expenditure,"US dollars, PPP converted",,,2023,226.871,6,Millions
LVA,Latvia,Annual,Expenditure,"US dollars, PPP converted",,,2022,1081.827,6,Millions
LVA,Latvia,Annual,Expenditure,"US dollars, PPP converted",,,2021,515.798,6,Millions
LVA,Latvia,Annual,Expenditure,"US dollars, PPP converted",,,2020,883.858,6,Millions
LVA,Latvia,Annual,Expenditure,"US dollars, PPP converted",,,2022,757.95,6,Millions
LVA,Latvia,Annual,Expenditure,"US dollars, PPP converted",,,2023,3.152,6,Millions
LVA,Latvia,Annual,Expenditure,"US dollars, PPP converted",,,2022,82.606,6,Millions
LVA,Latvia,Annual,Expenditure,"US dollars, PPP converted",,,2021,197.036,6,Millions
LVA,Latvia,Annual,Expenditure,"US dollars, PPP converted",,,2020,631.912,6,Millions
LVA,Latvia,Annual,Expenditure,"US dollars, PPP converted",,,2022,67.145,6,Millions
LVA,Latvia,Annual,Expenditure,"US dollars, PPP converted",,,2021,151.961,6,Millions
LVA,Latvia,Annual,Expenditure,"US dollars, PPP converted",,,2020,67.053,6,Millions
LVA,Latvia,Annual,Expenditure,"US dollars, PPP converted",,,2022,23.655,6,Millions
LVA,Latvia,Annual,Expenditure,"US dollars, PPP converted",,,2021,68.363,6,Millions
LVA,Latvia,Annual,Expenditure,"US dollars, PPP converted",,,2020,96.352,6,Millions
LVA,Latvia,Annual,Expenditure,"US dollars, PPP converted",,,2020,8.82,6,Millions
LVA,Latvia,Annual,Expenditure,"US dollars, PPP converted",,,2020,195.387,6,Millions
LVA,Latvia,Annual,Expenditure,"US dollars, PPP converted",,,2021,0.011,6,Millions
LVA,Latvia,Annual,Expenditure,"US dollars, PPP converted",,,2020,550.471,6,Millions
LVA,Latvia,Annual,Expenditure,"US dollars, PPP converted",,,2022,32.055,6,Millions
LVA,Latvia,Annual,Expenditure,"US dollars, PPP converted",,,2021,66.437,6,Millions
LVA,Latvia,Annual,Expenditure,"US dollars, PPP converted",,,2020,40.944,6,Millions
LVA,Latvia,Annual,Expenditure,"US dollars, PPP converted",,,2020,1112.297,6,Millions
LVA,Latvia,Annual,Expenditure,"US dollars, PPP converted",,,2023,9.323,6,Millions
LVA,Latvia,Annual,Expenditure,"US dollars, PPP converted",,,2022,48.227,6,Millions
LVA,Latvia,Annual,Expenditure,"US dollars, PPP converted",,,2021,1089.681,6,Millions
LVA,Latvia,Annual,Expenditure,"US dollars, PPP converted",,,2020,0.152,6,Millions
LVA,Latvia,Annual,Expenditure,"US dollars, PPP converted",,,2021,822.725,6,Millions
MLT,Malta,Annual,Expenditure,"US dollars, PPP converted",,,2020,321.866,6,Millions
MLT,Malta,Annual,Expenditure,"US dollars, PPP converted",,,2023,5.308,6,Millions
MLT,Malta,Annual,Expenditure,"US dollars, PPP converted",,,2022,37.997,6,Millions
MLT,Malta,Annual,Expenditure,"US dollars, PPP converted",,,2021,64.935,6,Millions
MLT,Malta,Annual,Expenditure,"US dollars, PPP converted",,,2022,33.924,6,Millions
MLT,Malta,Annual,Expenditure,"US dollars, PPP converted",,,2021,88.561,6,Millions
MLT,Malta,Annual,Expenditure,"US dollars, PPP converted",,,2020,68.783,6,Millions
MLT,Malta,Annual,Expenditure,"US dollars, PPP converted",,,2023,0.634,6,Millions
MLT,Malta,Annual,Expenditure,"US dollars, PPP converted",,,2022,31.096,6,Millions
MLT,Malta,Annual,Expenditure,"US dollars, PPP converted",,,2021,84.971,6,Millions
MLT,Malta,Annual,Expenditure,"US dollars, PPP converted",,,2020,114.649,6,Millions
MLT,Malta,Annual,Expenditure,"US dollars, PPP converted",,,2022,539.844,6,Millions
MLT,Malta,Annual,Expenditure,"US dollars, PPP converted",,,2021,1560.446,6,Millions
MLT,Malta,Annual,Expenditure,"US dollars, PPP converted",,,2020,656.36,6,Millions
MLT,Malta,Annual,Expenditure,"US dollars, PPP converted",,,2022,1100.243,6,Millions
MLT,Malta,Annual,Expenditure,"US dollars, PPP converted",,,2021,1378.349,6,Millions
MLT,Malta,Annual,Expenditure,"US dollars, PPP converted",,,2020,2699.311,6,Millions
MLT,Malta,Annual,Expenditure,"US dollars, PPP converted",,,2021,170.828,6,Millions
MLT,Malta,Annual,Expenditure,"US dollars, PPP converted",,,2020,438.001,6,Millions
MLT,Malta,Annual,Expenditure,"US dollars, PPP converted",,,2022,320.927,6,Millions
NLD,Netherlands,Annual,Expenditure,"US dollars, PPP converted",,,2021,482.266,6,Millions
NLD,Netherlands,Annual,Expenditure,"US dollars, PPP converted",,,2020,4.112,6,Millions
NLD,Netherlands,Annual,Expenditure,"US dollars, PPP converted",,,2022,20.591,6,Millions
NLD,Netherlands,Annual,Expenditure,"US dollars, PPP converted",,,2020,11.305,6,Millions
NLD,Netherlands,Annual,Expenditure,"US dollars, PPP converted",,,2022,5.039,6,Millions
NLD,Netherlands,Annual,Expenditure,"US dollars, PPP converted",,,2021,230.712,6,Millions
NLD,Netherlands,Annual,Expenditure,"US dollars, PPP converted",,,2020,260.548,6,Millions
NLD,Netherlands,Annual,Expenditure,"US dollars, PPP converted",,,2022,212.745,6,Millions
NLD,Netherlands,Annual,Expenditure,"US dollars, PPP converted",,,2021,1654.26,6,Millions
NLD,Netherlands,Annual,Expenditure,"US dollars, PPP converted",,,2020,2507.094,6,Millions
NLD,Netherlands,Annual,Expenditure,"US dollars, PPP converted",,,2022,421.938,6,Millions
NLD,Netherlands,Annual,Expenditure,"US dollars, PPP converted",,,2021,807.856,6,Millions
NLD,Netherlands,Annual,Expenditure,"US dollars, PPP converted",,,2020,1.21,6,Millions
NLD,Netherlands,Annual,Expenditure,"US dollars, PPP converted",,,2022,415.158,6,Millions
NLD,Netherlands,Annual,Expenditure,"US dollars, PPP converted",,,2021,872.163,6,Millions
NLD,Netherlands,Annual,Expenditure,"US dollars, PPP converted",,,2020,372.474,6,Millions
NLD,Netherlands,Annual,Expenditure,"US dollars, PPP converted",,,2022,364.933,6,Millions
NLD,Netherlands,Annual,Expenditure,"US dollars, PPP converted",,,2021,1620.291,6,Millions
NLD,Netherlands,Annual,Expenditure,"US dollars, PPP converted",,,2020,517.479,6,Millions
NLD,Netherlands,Annual,Expenditure,"US dollars, PPP converted",,,2022,201.423,6,Millions
NLD,Netherlands,Annual,Expenditure,"US dollars, PPP converted",,,2021,672.891,6,Millions
NLD,Netherlands,Annual,Expenditure,"US dollars, PPP converted",,,2022,272.866,6,Millions
NLD,Netherlands,Annual,Expenditure,"US dollars, PPP converted",,,2021,582.305,6,Millions
NLD,Netherlands,Annual,Expenditure,"US dollars, PPP converted",,,2020,46.543,6,Millions
NLD,Netherlands,Annual,Expenditure,"US dollars, PPP converted",,,2022,3894.14,6,Millions
NLD,Netherlands,Annual,Expenditure,"US dollars, PPP converted",,,2022,0.11,6,Millions
NLD,Netherlands,Annual,Expenditure,"US dollars, PPP converted",,,2023,1052.663,6,Millions
NLD,Netherlands,Annual,Expenditure,"US dollars, PPP converted",,,2021,7085.208,6,Millions
NLD,Netherlands,Annual,Expenditure,"US dollars, PPP converted",,,2021,2269.39,6,Millions
NLD,Netherlands,Annual,Expenditure,"US dollars, PPP converted",,,2020,7.763,6,Millions
NLD,Netherlands,Annual,Expenditure,"US dollars, PPP converted",,,2021,279.29,6,Millions
NLD,Netherlands,Annual,Expenditure,"US dollars, PPP converted",,,2020,351.26,6,Millions
NLD,Netherlands,Annual,Expenditure,"US dollars, PPP converted",,,2022,1015.109,6,Millions
NLD,Netherlands,Annual,Expenditure,"US dollars, PPP converted",,,2023,387.442,6,Millions
NLD,Netherlands,Annual,Expenditure,"US dollars, PPP converted",,,2022,409.933,6,Millions
NLD,Netherlands,Annual,Expenditure,"US dollars, PPP converted",,,2021,427.508,6,Millions
NOR,Norway,Annual,Expenditure,"US dollars, PPP converted",,,2020,348.041,6,Millions
NOR,Norway,Annual,Expenditure,"US dollars, PPP converted",,,2022,706.848,6,Millions
NOR,Norway,Annual,Expenditure,"US dollars, PPP converted",,,2021,548.275,6,Millions
NOR,Norway,Annual,Expenditure,"US dollars, PPP converted",,,2020,873.635,6,Millions
NOR,Norway,Annual,Expenditure,"US dollars, PPP converted",,,2023,261.51,6,Millions
NOR,Norway,Annual,Expenditure,"US dollars, PPP converted",,,2022,368.263,6,Millions
NOR,Norway,Annual,Expenditure,"US dollars, PPP converted",,,2020,916.222,6,Millions
NOR,Norway,Annual,Expenditure,"US dollars, PPP converted",,,2022,24.283,6,Millions
NOR,Norway,Annual,Expenditure,"US dollars, PPP converted",,,2022,305.488,6,Millions
NOR,Norway,Annual,Expenditure,"US dollars, PPP converted",,,2021,638.85,6,Millions
POL,Poland,Annual,Expenditure,"US dollars, PPP converted",,,2020,1.019,6,Millions
POL,Poland,Annual,Expenditure,"US dollars, PPP converted",,,2021,3613.526,6,Millions
POL,Poland,Annual,Expenditure,"US dollars, PPP converted",,,2020,6319.731,6,Millions
POL,Poland,Annual,Expenditure,"US dollars, PPP converted",,,2022,1547.305,6,Millions
POL,Poland,Annual,Expenditure,"US dollars, PPP converted",,,2020,453.418,6,Millions
POL,Poland,Annual,Expenditure,"US dollars, PPP converted",,,2022,147.457,6,Millions
POL,Poland,Annual,Expenditure,"US dollars, PPP converted",,,2021,519.846,6,Millions
POL,Poland,Annual,Expenditure,"US dollars, PPP converted",,,2020,2.232,6,Millions
POL,Poland,Annual,Expenditure,"US dollars, PPP converted",,,2022,38.293,6,Millions
POL,Poland,Annual,Expenditure,"US dollars, PPP converted",,,2021,25.074,6,Millions
POL,Poland,Annual,Expenditure,"US dollars, PPP converted",,,2022,6.641,6,Millions
POL,Poland,Annual,Expenditure,"US dollars, PPP converted",,,2021,121.244,6,Millions
POL,Poland,Annual,Expenditure,"US dollars, PPP converted",,,2020,0.172,6,Millions
POL,Poland,Annual,Expenditure,"US dollars, PPP converted",,,2022,0.149,6,Millions
PRT,Portugal,Annual,Expenditure,"US dollars, PPP converted",,,2020,462.926,6,Millions
PRT,Portugal,Annual,Expenditure,"US dollars, PPP converted",,,2022,9.764,6,Millions
PRT,Portugal,Annual,Expenditure,"US dollars, PPP converted",,,2020,7.746,6,Millions
PRT,Portugal,Annual,Expenditure,"US dollars, PPP converted",,,2022,9.499,6,Millions
REF_AREA,Reference area,Frequency of observation,Measure,Unit of measure,,,2021,202.789,6,Millions
ROU,Romania,Annual,Expenditure,"US dollars, PPP converted",,,2020,55.228,6,Millions
ROU,Romania,Annual,Expenditure,"US dollars, PPP converted",,,2021,95.129,6,Millions
ROU,Romania,Annual,Expenditure,"US dollars, PPP converted",,,2022,54.491,6,Millions
ROU,Romania,Annual,Expenditure,"US dollars, PPP converted",,,2022,4982.829,6,Millions
SWE,Sweden,Annual,Expenditure,"US dollars, PPP converted",,,2022,20.899,6,Millions
SWE,Sweden,Annual,Expenditure,"US dollars, PPP converted",,,2021,338.207,6,Millions
SWE,Sweden,Annual,Expenditure,"US dollars, PPP converted",,,2020,107.02,6,Millions
SWE,Sweden,Annual,Expenditure,"US dollars, PPP converted",,,2021,317.603,6,Millions
