Code,Country,Year,Population
SVN,Slovenia,2020,151029
SVN,Slovenia,2022,146308
CRI,Costa Rica,2020,170166.1152
CRI,Costa Rica,2022,188908.2558
LTU,Lithuania,2020,193669
LTU,Lithuania,2022,189608
CZE,Czechia,2021,474195
CZE,Czechia,2020,480599
SVK,Slovak Republic,2020,406383
SVK,Slovak Republic,2022,435023
ISR,Israel,2020,876261
ISR,Israel,2022,903600
ESP,Spain,2020,1291917
ESP,Spain,2022,1270369.497
CAN,Canada,2020,2745122
CAN,Canada,2022,2635125
MEX,Mexico,2020,7855703
MEX,Mexico,2022,8021724
LTU,Lithuania,2020,2794885
LTU,Lithuania,2022,2833000
FIN,Finland,2020,362238
FIN,Finland,2022,364126
GBR,United Kingdom,2021,4477368
GBR,United Kingdom,2020,4404100
AUS,Australia,2020,1566970
AUS,Australia,2022,1533766
LTU,Lithuania,2020,127543
LTU,Lithuania,2022,138008
ITA,Italy,2020,3087037
ITA,Italy,2022,2994800
NZL,New Zealand,2022,334360
NZL,New Zealand,2021,330790
TUR,Türkiye,2020,1331823
TUR,Türkiye,2022,1418758
FIN,Finland,2020,251458
FIN,Finland,2022,240786
AUT,Austria,2020,400882
AUT,Austria,2022,415031
USA,United States,2020,21428623
USA,United States,2022,20889839
JPN,Japan,2021,9731668
JPN,Japan,2020,9868454
COL,Colombia,2020,33989272
COL,Colombia,2022,34974647
TUR,Türkiye,2020,50211398
TUR,Türkiye,2022,51503573
DEU,Germany,2020,15332540
DEU,Germany,2022,15647494
BEL,Belgium,2020,7357957
BEL,Belgium,2022,7422214
TUR,Türkiye,2020,6369133
TUR,Türkiye,2022,6515034
GRC,Greece,2020,796294
GRC,Greece,2022,806131
ISL,Iceland,2020,30393
ISL,Iceland,2022,30896
ITA,Italy,2020,34992452
ITA,Italy,2022,34536852
MEX,Mexico,2020,127792286
MEX,Mexico,2022,130118356
KOR,Korea,2020,2250969
KOR,Korea,2022,2309760
LVA,Latvia,2021,101656
LVA,Latvia,2020,110839
JPN,Japan,2020,126146099
JPN,Japan,2022,124946789
SVN,Slovenia,2020,106954
SVN,Slovenia,2022,113231
IRL,Ireland,2020,292153
IRL,Ireland,2022,299632
GRC,Greece,2020,561329
GRC,Greece,2022,499995
TUR,Türkiye,2021,21004440
TUR,Türkiye,2020,20430520
CAN,Canada,2020,856975
CAN,Canada,2022,882009
EST,Estonia,2020,91266
EST,Estonia,2022,94007
ESP,Spain,2021,3053594.622
ESP,Spain,2020,2967118
DNK,Denmark,2020,406807
DNK,Denmark,2022,392343
CRI,Costa Rica,2021,45705.76484
CRI,Costa Rica,2020,44138.09673
ITA,Italy,2020,59438845
ITA,Italy,2022,58940424
SVK,Slovak Republic,2020,294555
SVK,Slovak Republic,2022,291157.5
FIN,Finland,2020,316131
FIN,Finland,2022,330062
LUX,Luxembourg,2020,46978
LUX,Luxembourg,2022,47244
CAN,Canada,2020,2463031
CAN,Canada,2022,2573624
LVA,Latvia,2020,1113767
LVA,Latvia,2022,1090618
IRL,Ireland,2020,4977443
IRL,Ireland,2022,5100229
NLD,Netherlands,2020,17441500
NLD,Netherlands,2022,17703092
SWE,Sweden,2020,630889
SWE,Sweden,2022,670679
NOR,Norway,2020,5379472
NOR,Norway,2022,5457129
GRC,Greece,2020,392421
GRC,Greece,2022,350844
PRT,Portugal,2022,760098.5
PRT,Portugal,2021,751108
GRC,Greece,2020,457961
GRC,Greece,2022,416685
NOR,Norway,2020,368904
NOR,Norway,2022,367435
SVK,Slovak Republic,2020,435011.5
SVK,Slovak Republic,2022,424891
SWE,Sweden,2020,615692
SWE,Sweden,2022,629320
FRA,France,2020,41682908
FRA,France,2022,41776704
ESP,Spain,2020,31233776
ESP,Spain,2022,31405436.93
ESP,Spain,2020,9301398
ESP,Spain,2022,9620055.996
CHL,Chile,2020,583389
CHL,Chile,2022,648484
AUS,Australia,2020,1621445
AUS,Australia,2022,1702904
EST,Estonia,2020,85788
EST,Estonia,2022,87173
HUN,Hungary,2020,3834857
HUN,Hungary,2022,3833113
BEL,Belgium,2020,635415
BEL,Belgium,2022,657780
GBR,United Kingdom,2020,4147413
GBR,United Kingdom,2022,3884047
PRT,Portugal,2021,544033.5
PRT,Portugal,2020,544508
EST,Estonia,2020,101473
EST,Estonia,2022,100455
NZL,New Zealand,2020,5090200
NZL,New Zealand,2022,5124100
LTU,Lithuania,2021,143665
LTU,Lithuania,2020,145402
FIN,Finland,2020,1163401
FIN,Finland,2022,1151389
AUS,Australia,2020,1619875
AUS,Australia,2022,1611451
SWE,Sweden,2020,727920
SWE,Sweden,2022,771307
CRI,Costa Rica,2020,419690.1749
CRI,Costa Rica,2022,410043.3588
SVK,Slovak Republic,2020,102572
SVK,Slovak Republic,2022,106224.5
MEX,Mexico,2020,2504914
MEX,Mexico,2022,2704004
ISL,Iceland,2020,117893
ISL,Iceland,2022,123110
NLD,Netherlands,2020,953742
NLD,Netherlands,2022,956905
FIN,Finland,2020,311177
FIN,Finland,2022,304825
ESP,Spain,2020,2420549
ESP,Spain,2022,2530062.734
LUX,Luxembourg,2020,404718
LUX,Luxembourg,2022,418794
KOR,Korea,2020,1990347
KOR,Korea,2022,2167931
CAN,Canada,2020,2167219
CAN,Canada,2022,2308096
EST,Estonia,2020,35385
EST,Estonia,2022,37085
AUS,Australia,2020,1535813
AUS,Australia,2022,1509684
EST,Estonia,2020,70778
EST,Estonia,2022,69589
USA,United States,2020,331511512
USA,United States,2022,333287557
BEL,Belgium,2020,4536079
BEL,Belgium,2022,4625785
GRC,Greece,2020,2068132
GRC,Greece,2022,1914591
AUS,Australia,2020,1706163
AUS,Australia,2022,1631532
GBR,United Kingdom,2020,4510851
GBR,United Kingdom,2022,4613301
CAN,Canada,2020,2560211
CAN,Canada,2022,2640008
ESP,Spain,2020,1563039
ESP,Spain,2022,1617172.579
FIN,Finland,2020,368329
FIN,Finland,2022,365160
AUT,Austria,2020,426590
AUT,Austria,2022,443010
CZE,Czechia,2020,586797
CZE,Czechia,2022,599421
AUS,Australia,2020,1439153
AUS,Australia,2022,1492254
CAN,Canada,2020,2480898
CAN,Canada,2022,2520278
COL,Colombia,2020,4251896
COL,Colombia,2022,4411300
FIN,Finland,2020,352919
FIN,Finland,2022,366821
AUT,Austria,2020,598067
AUT,Austria,2022,592645
CAN,Canada,2020,6844404
CAN,Canada,2022,7330605
CRI,Costa Rica,2020,225968.5032
CRI,Costa Rica,2022,242893.8183
CAN,Canada,2021,842273
CAN,Canada,2020,812743
CRI,Costa Rica,2020,49527.23392
CRI,Costa Rica,2022,52944.59105
SVK,Slovak Republic,2020,356980.5
SVK,Slovak Republic,2022,351192
AUS,Australia,2020,1110579
AUS,Australia,2022,1143942
COL,Colombia,2020,12307383
COL,Colombia,2022,12924149
SVK,Slovak Republic,2020,281424
SVK,Slovak Republic,2022,287523
BEL,Belgium,2020,735403
BEL,Belgium,2022,725953
SWE,Sweden,2020,277040
SWE,Sweden,2022,299671
CRI,Costa Rica,2020,365796.5483
CRI,Costa Rica,2022,360248.1288
JPN,Japan,2020,4541360
JPN,Japan,2022,4247017
SVN,Slovenia,2020,1353614
SVN,Slovenia,2022,1342136
NLD,Netherlands,2020,10257095
NLD,Netherlands,2022,10395478
NOR,Norway,2020,260292
NOR,Norway,2022,255779
NZL,New Zealand,2020,328590
NZL,New Zealand,2022,321980
NLD,Netherlands,2020,7093827
NLD,Netherlands,2022,7278570
LTU,Lithuania,2020,152951
LTU,Lithuania,2022,138574
CRI,Costa Rica,2020,453077.6449
CRI,Costa Rica,2022,501152.9748
HUN,Hungary,2020,674023
HUN,Hungary,2022,700705
CHE,Switzerland,2020,8638169
CHE,Switzerland,2022,8775757
AUT,Austria,2020,8916845
AUT,Austria,2022,9052856
SVK,Slovak Republic,2020,289225.5
SVK,Slovak Republic,2022,271149.5
GBR,United Kingdom,2020,4133158
GBR,United Kingdom,2022,4004388
DEU,Germany,2020,5538404
DEU,Germany,2022,5567453
HUN,Hungary,2020,6371417
HUN,Hungary,2022,6247353
KOR,Korea,2020,8824088
KOR,Korea,2022,8213287
CZE,Czechia,2020,568070
CZE,Czechia,2022,565364
GBR,United Kingdom,2020,4303967
GBR,United Kingdom,2022,4098484
CZE,Czechia,2020,861193
CZE,Czechia,2022,925975
ISR,Israel,2020,794271
ISR,Israel,2022,835600
KOR,Korea,2021,2229491
KOR,Korea,2020,2278285
CHL,Chile,2021,19678363
CHL,Chile,2020,19458310
AUS,Australia,2020,1910713
AUS,Australia,2022,1908449
CZE,Czechia,2020,758425
CZE,Czechia,2022,733015
ISL,Iceland,2020,222170
ISL,Iceland,2022,231193
AUS,Australia,2020,1262567
AUS,Australia,2022,1302369
SWE,Sweden,2021,2422224
SWE,Sweden,2020,2409051
LVA,Latvia,2020,1900448
LVA,Latvia,2022,1879374
IRL,Ireland,2020,190818
IRL,Ireland,2022,198410
SVK,Slovak Republic,2020,407185
SVK,Slovak Republic,2022,390262.5
FRA,France,2020,26834984
FRA,France,2022,27446745
JPN,Japan,2020,5114175
JPN,Japan,2022,4947992
ISR,Israel,2021,3360200
ISR,Israel,2020,3313109
SWE,Sweden,2020,262976
SWE,Sweden,2022,271318
PRT,Portugal,2020,10384846
PRT,Portugal,2022,10444241.5
ISR,Israel,2020,305576
ISR,Israel,2022,324900
PRT,Portugal,2020,6078467
PRT,Portugal,2022,6079315
CZE,Czechia,2020,560177
CZE,Czechia,2022,574984
ESP,Spain,2020,1768296
ESP,Spain,2022,1884224.271
LUX,Luxembourg,2020,47586
LUX,Luxembourg,2022,49552
DEU,Germany,2020,3965257
DEU,Germany,2022,3982008
SVN,Slovenia,2020,2100126
SVN,Slovenia,2022,2108732
CRI,Costa Rica,2020,352808.7136
CRI,Costa Rica,2022,376900.3669
GRC,Greece,2020,555370
GRC,Greece,2022,527152
NZL,New Zealand,2020,3013910
NZL,New Zealand,2022,3002690
FIN,Finland,2020,310873
FIN,Finland,2022,315274
ESP,Spain,2020,2374209
ESP,Spain,2022,2464606.235
JPN,Japan,2021,68924057
JPN,Japan,2020,69381559
GRC,Greece,2020,591226
GRC,Greece,2022,553895
GBR,United Kingdom,2020,4521975
GBR,United Kingdom,2022,4661728
POL,Poland,2020,1798052
POL,Poland,2022,1802948
SWE,Sweden,2020,598398
SWE,Sweden,2022,582401
GBR,United Kingdom,2020,15658537
GBR,United Kingdom,2022,15358123
HUN,Hungary,2020,5883710
HUN,Hungary,2022,5754066
CRI,Costa Rica,2020,442156.0618
CRI,Costa Rica,2022,438783.5294
GRC,Greece,2020,718959
GRC,Greece,2022,752304
MEX,Mexico,2020,11035276
MEX,Mexico,2022,10956105
GBR,United Kingdom,2020,1659369
GBR,United Kingdom,2022,1682709
NZL,New Zealand,2020,331460
NZL,New Zealand,2022,314730
CRI,Costa Rica,2020,3546092.745
CRI,Costa Rica,2022,3601055.307
ISL,Iceland,2020,26069
ISL,Iceland,2022,26931
JPN,Japan,2021,74503763
JPN,Japan,2020,75087865
ISL,Iceland,2021,17699
ISL,Iceland,2020,17197
KOR,Korea,2020,4237067
KOR,Korea,2022,4106280
BEL,Belgium,2020,602377
BEL,Belgium,2022,594780
EST,Estonia,2020,47452
EST,Estonia,2022,45575
LVA,Latvia,2020,123255
LVA,Latvia,2022,123345
POL,Poland,2020,1999667
POL,Poland,2022,1855918
CHE,Switzerland,2020,3438573
CHE,Switzerland,2022,3528329
FIN,Finland,2020,351929
FIN,Finland,2022,346276
IRL,Ireland,2020,2929703
IRL,Ireland,2022,2997826
FIN,Finland,2020,355468
FIN,Finland,2022,352047
GBR,United Kingdom,2020,3683680
GBR,United Kingdom,2022,3852264
AUS,Australia,2020,526142
AUS,Australia,2022,566184
NLD,Netherlands,2020,387786
NLD,Netherlands,2022,398694
CHE,Switzerland,2021,231096
CHE,Switzerland,2020,225798
TUR,Türkiye,2020,4483792
TUR,Türkiye,2022,4667161
JPN,Japan,2021,5579706
JPN,Japan,2020,5706306
PRT,Portugal,2021,357526.5
PRT,Portugal,2020,348119
NOR,Norway,2020,308439
NOR,Norway,2022,313680
SWE,Sweden,2020,2076732
SWE,Sweden,2022,2132948
ISR,Israel,2020,9215113
ISR,Israel,2022,9528600
SWE,Sweden,2020,3949593
SWE,Sweden,2022,4038069
COL,Colombia,2020,3853877
COL,Colombia,2022,3765834
ISR,Israel,2021,457900
ISR,Israel,2020,441588
ISR,Israel,2020,399676
ISR,Israel,2022,409800
HUN,Hungary,2020,241792
HUN,Hungary,2022,249203
GRC,Greece,2020,612154
GRC,Greece,2022,630375
GRC,Greece,2021,481796
GRC,Greece,2020,505799
COL,Colombia,2021,30439017
COL,Colombia,2020,29866786
FRA,France,2020,3649101
FRA,France,2022,3551209
POL,Poland,2020,1911494
POL,Poland,2022,1807628
NOR,Norway,2020,953776
NOR,Norway,2022,1000467
ITA,Italy,2020,3472673
ITA,Italy,2022,3558358
NOR,Norway,2021,120461
NOR,Norway,2020,116330
NLD,Netherlands,2021,1010547
NLD,Netherlands,2020,999911
NZL,New Zealand,2020,247630
NZL,New Zealand,2022,257580
BEL,Belgium,2020,760335
BEL,Belgium,2022,741623
POL,Poland,2021,2072944
POL,Poland,2020,2042479
POL,Poland,2021,3079795
POL,Poland,2020,3054544
PRT,Portugal,2021,359770
PRT,Portugal,2020,360858
ITA,Italy,2020,10546084
ITA,Italy,2022,10289148
GRC,Greece,2020,569259
GRC,Greece,2022,540631
AUT,Austria,2020,264923
AUT,Austria,2022,306949
ITA,Italy,2020,4098017
ITA,Italy,2022,3812595
CZE,Czechia,2020,612151
CZE,Czechia,2022,616384
CAN,Canada,2020,2643411
CAN,Canada,2022,2703647
MEX,Mexico,2020,11072648
MEX,Mexico,2022,11070858
NOR,Norway,2020,357305
NOR,Norway,2022,366955
NZL,New Zealand,2020,383540
NZL,New Zealand,2022,354970
CHE,Switzerland,2020,230181
CHE,Switzerland,2022,238571
USA,United States,2020,20604832
USA,United States,2022,21427416
LUX,Luxembourg,2020,33119
LUX,Luxembourg,2022,33899
LVA,Latvia,2020,131377
LVA,Latvia,2022,137758
COL,Colombia,2020,2922385
COL,Colombia,2022,3008571
IRL,Ireland,2020,89784
IRL,Ireland,2022,94442
MEX,Mexico,2020,8343204
MEX,Mexico,2022,8487556
TUR,Türkiye,2020,6493816
TUR,Türkiye,2022,6629640
GBR,United Kingdom,2021,3580269
GBR,United Kingdom,2020,3782330
ISL,Iceland,2020,22273
ISL,Iceland,2022,23326
AUT,Austria,2020,615252
AUT,Austria,2022,588837
TUR,Türkiye,2020,6280855
TUR,Türkiye,2022,6272410
DEU,Germany,2020,4879068
DEU,Germany,2022,5023768
SVK,Slovak Republic,2021,79794.5
SVK,Slovak Republic,2020,84328.5
CAN,Canada,2021,1885075
CAN,Canada,2020,1918870
CHE,Switzerland,2020,425672
CHE,Switzerland,2022,439242
AUS,Australia,2020,518644
AUS,Australia,2022,549113
FRA,France,2020,4440394
FRA,France,2022,4477486
EST,Estonia,2020,62785
EST,Estonia,2022,63252
POL,Poland,2021,2299098
POL,Poland,2020,2275278
FRA,France,2020,3753667
FRA,France,2022,3722263
GRC,Greece,2020,718361
GRC,Greece,2022,668366
JPN,Japan,2021,9671500
JPN,Japan,2020,9188550
DEU,Germany,2020,6777312
DEU,Germany,2022,6852964
LVA,Latvia,2020,127906
LVA,Latvia,2022,129357
SVK,Slovak Republic,2021,1129721.5
SVK,Slovak Republic,2020,1128469.5
CHL,Chile,2021,1629871
CHL,Chile,2020,1649147
POL,Poland,2020,23613596
POL,Poland,2022,22906752
SWE,Sweden,2021,469905
SWE,Sweden,2020,442808
EST,Estonia,2020,78215
EST,Estonia,2022,79746
FIN,Finland,2020,152979
FIN,Finland,2022,158373
KOR,Korea,2020,51836239
KOR,Korea,2022,51628117
GBR,United Kingdom,2020,4045114
GBR,United Kingdom,2022,4088012
SVN,Slovenia,2020,1259940
SVN,Slovenia,2022,1245246
USA,United States,2020,194161873
USA,United States,2022,194419526
ESP,Spain,2020,3920647
ESP,Spain,2022,3712833.696
GRC,Greece,2020,382052
GRC,Greece,2022,393821
CHL,Chile,2020,1282387
CHL,Chile,2022,1263605
ISR,Israel,2020,359155
ISR,Israel,2022,361100
LVA,Latvia,2021,91705
LVA,Latvia,2020,90042
HUN,Hungary,2020,626316
HUN,Hungary,2022,586869
DEU,Germany,2020,4589460
DEU,Germany,2022,4526127
CZE,Czechia,2020,720754
CZE,Czechia,2022,703698
CHE,Switzerland,2020,437407
CHE,Switzerland,2022,435511
CRI,Costa Rica,2020,371672.8005
CRI,Costa Rica,2022,375885.1574
SWE,Sweden,2020,654663
SWE,Sweden,2022,685244
CZE,Czechia,2020,2199376
CZE,Czechia,2022,2276078
DEU,Germany,2020,5290043
DEU,Germany,2022,5422120
ISR,Israel,2021,539300
ISR,Israel,2020,525152
DNK,Denmark,2020,3366856
DNK,Denmark,2022,3409421
CZE,Czechia,2020,661768
CZE,Czechia,2022,686807
CZE,Czechia,2020,205054
CZE,Czechia,2022,198686
DNK,Denmark,2020,358871
DNK,Denmark,2022,346568
NOR,Norway,2020,377529
NOR,Norway,2022,390266
CHL,Chile,2020,1190382
CHL,Chile,2022,1177286
TUR,Türkiye,2020,675852
TUR,Türkiye,2022,661766
JPN,Japan,2020,5403785
JPN,Japan,2022,5742867
LUX,Luxembourg,2020,12724
LUX,Luxembourg,2022,12917
NLD,Netherlands,2020,859549
NLD,Netherlands,2022,866424
KOR,Korea,2020,3866979
KOR,Korea,2022,3474135
DEU,Germany,2021,53299643
DEU,Germany,2020,53545184
BEL,Belgium,2020,382370
BEL,Belgium,2022,435164
FRA,France,2021,2270945
FRA,France,2020,2256910
SVN,Slovenia,2020,103442
SVN,Slovenia,2022,101547
ITA,Italy,2020,3919723
ITA,Italy,2022,4101099
CHL,Chile,2020,1347007
CHL,Chile,2022,1379609
ISR,Israel,2020,727181
ISR,Israel,2022,753000
LUX,Luxembourg,2021,12472
LUX,Luxembourg,2020,12300
CAN,Canada,2020,38007166
CAN,Canada,2022,38929902
LVA,Latvia,2020,132684
LVA,Latvia,2022,135209
FRA,France,2020,37503374
FRA,France,2022,37550462
TUR,Türkiye,2020,6233422
TUR,Türkiye,2022,5788615
LTU,Lithuania,2020,108822
LTU,Lithuania,2022,103195
IRL,Ireland,2020,81188
IRL,Ireland,2022,88874
KOR,Korea,2020,3814370
KOR,Korea,2022,4144198
DNK,Denmark,2021,406577
DNK,Denmark,2020,393764
GBR,United Kingdom,2020,38914059
GBR,United Kingdom,2022,39208120
LUX,Luxembourg,2021,34514
LUX,Luxembourg,2020,34126
CAN,Canada,2020,2390358
CAN,Canada,2022,2405593
POL,Poland,2020,7682121
POL,Poland,2022,7665599
POL,Poland,2020,3228463
POL,Poland,2022,3145923
DNK,Denmark,2020,126292
DNK,Denmark,2022,132868
ESP,Spain,2020,3905462
ESP,Spain,2022,3989331.966
DNK,Denmark,2020,363060
DNK,Denmark,2022,387986
TUR,Türkiye,2021,6429045
TUR,Türkiye,2020,6413054
SVK,Slovak Republic,2020,3674220.5
SVK,Slovak Republic,2022,3601615
GBR,United Kingdom,2020,42597739
GBR,United Kingdom,2022,43060384
SVK,Slovak Republic,2021,347802.5
SVK,Slovak Republic,2020,346348
HUN,Hungary,2020,199733
HUN,Hungary,2022,191118
KOR,Korea,2020,20541573
KOR,Korea,2022,21750613
LTU,Lithuania,2020,155304
LTU,Lithuania,2022,165578
AUS,Australia,2020,8759606
AUS,Australia,2022,9114839
CHE,Switzerland,2021,421642
CHE,Switzerland,2020,421155
CHE,Switzerland,2021,1645493
CHE,Switzerland,2020,1617737
LUX,Luxembourg,2021,640064
LUX,Luxembourg,2020,630413
DEU,Germany,2020,3362392
DEU,Germany,2022,3433189
MEX,Mexico,2020,11112719
MEX,Mexico,2022,11056598
ISR,Israel,2020,588143
ISR,Israel,2022,600400
NOR,Norway,2020,335612
NOR,Norway,2022,351204
FRA,France,2020,4097454
FRA,France,2022,3994647
EST,Estonia,2020,78688
EST,Estonia,2022,71927
AUT,Austria,2021,596595
AUT,Austria,2020,577318
SVK,Slovak Republic,2020,3411758
SVK,Slovak Republic,2022,3339062.5
USA,United States,2020,6288784
USA,United States,2022,6659545
GRC,Greece,2020,6233438
GRC,Greece,2022,6084598
PRT,Portugal,2020,774614.5
PRT,Portugal,2022,735093
ESP,Spain,2020,2537491
ESP,Spain,2022,2528658.267
LVA,Latvia,2020,394126
LVA,Latvia,2022,395488
IRL,Ireland,2020,224248
IRL,Ireland,2022,235687
ITA,Italy,2020,3527721
ITA,Italy,2022,3380239
LUX,Luxembourg,2020,47624
LUX,Luxembourg,2022,49751
NZL,New Zealand,2020,3331840
NZL,New Zealand,2022,3319560
NZL,New Zealand,2020,88400
NZL,New Zealand,2022,92700
LUX,Luxembourg,2020,38627
LUX,Luxembourg,2022,38826
ESP,Spain,2020,3261961
ESP,Spain,2022,3038683.665
BEL,Belgium,2020,658079
BEL,Belgium,2022,646678
CRI,Costa Rica,2020,300291.7164
CRI,Costa Rica,2022,312073.5086
FIN,Finland,2020,303618
FIN,Finland,2022,290002
CHL,Chile,2020,270923
CHL,Chile,2022,291832
BEL,Belgium,2021,6733676
BEL,Belgium,2020,6722542
BEL,Belgium,2020,554217
BEL,Belgium,2022,561319
COL,Colombia,2020,3911271
COL,Colombia,2022,3944757
FIN,Finland,2020,3122540
FIN,Finland,2022,3117944
COL,Colombia,2020,1658144
COL,Colombia,2022,1794103
FRA,France,2020,3901009
FRA,France,2022,3906761
MEX,Mexico,2020,10836557
MEX,Mexico,2022,10821598
PRT,Portugal,2020,697356
PRT,Portugal,2022,721239
SVN,Slovenia,2020,60447
SVN,Slovenia,2022,62314
LTU,Lithuania,2020,1815817
LTU,Lithuania,2022,1842799
DNK,Denmark,2020,1167382
DNK,Denmark,2022,1205629
ISL,Iceland,2020,90879
ISL,Iceland,2022,93478
HUN,Hungary,2020,469070
HUN,Hungary,2022,469696
LVA,Latvia,2020,110635
LVA,Latvia,2022,113767
NZL,New Zealand,2020,146500
NZL,New Zealand,2022,160190
NLD,Netherlands,2020,442591
NLD,Netherlands,2022,464191
DNK,Denmark,2020,345858
DNK,Denmark,2022,355395
FRA,France,2020,3590266
FRA,France,2022,3706545
BEL,Belgium,2020,628028
BEL,Belgium,2022,650863
POL,Poland,2020,7058456
POL,Poland,2022,7255004
DEU,Germany,2020,4993704
DEU,Germany,2022,4954572
LTU,Lithuania,2020,1172859
LTU,Lithuania,2022,1202917
SVN,Slovenia,2021,147435
SVN,Slovenia,2020,151422
ESP,Spain,2020,28813227
ESP,Spain,2022,28875374.19
CHE,Switzerland,2020,616271
CHE,Switzerland,2022,630624
ISL,Iceland,2020,9626
ISL,Iceland,2022,10837
NZL,New Zealand,2020,325830
NZL,New Zealand,2022,319680
DNK,Denmark,2020,1291099
DNK,Denmark,2022,1295527
PRT,Portugal,2021,430362
PRT,Portugal,2020,433799.5
CRI,Costa Rica,2020,286516.9794
CRI,Costa Rica,2022,285262.9734
POL,Poland,2020,2363518
POL,Poland,2022,2225862
ITA,Italy,2021,13996468
ITA,Italy,2020,13900309
NZL,New Zealand,2020,305840
NZL,New Zealand,2022,303510
LTU,Lithuania,2020,200347
LTU,Lithuania,2022,220294
CAN,Canada,2020,2450498
CAN,Canada,2022,2423627
HUN,Hungary,2020,457085
HUN,Hungary,2022,469333
PRT,Portugal,2020,4575076.5
PRT,Portugal,2022,4714191.5
CZE,Czechia,2020,2145276
CZE,Czechia,2022,2195874
NOR,Norway,2020,3499836
NOR,Norway,2022,3540635
TUR,Türkiye,2020,83384688
TUR,Türkiye,2022,84979919
LUX,Luxembourg,2021,46304
LUX,Luxembourg,2020,46196
SVK,Slovak Republic,2020,356797.5
SVK,Slovak Republic,2022,344606
CHE,Switzerland,2020,1721748
CHE,Switzerland,2022,1747940
EST,Estonia,2020,63613
EST,Estonia,2022,69352
PRT,Portugal,2020,502380.5
PRT,Portugal,2022,494894
COL,Colombia,2020,4352012
COL,Colombia,2022,4338110
HUN,Hungary,2020,768094
HUN,Hungary,2022,825296
AUT,Austria,2020,455521
AUT,Austria,2022,490586
FIN,Finland,2020,351471
FIN,Finland,2022,331621
FRA,France,2021,4385178
FRA,France,2020,4491530
NLD,Netherlands,2020,1040445
NLD,Netherlands,2022,1024266
NLD,Netherlands,2020,1114298
NLD,Netherlands,2022,1165812
KOR,Korea,2020,3645542
KOR,Korea,2022,3624252
SVN,Slovenia,2020,77562
SVN,Slovenia,2022,77116
NOR,Norway,2020,182860
NOR,Norway,2022,214603
SVN,Slovenia,2021,98505
SVN,Slovenia,2020,99951
ISR,Israel,2020,622995
ISR,Israel,2022,637700
CAN,Canada,2020,1787882
CAN,Canada,2022,1879942
USA,United States,2020,21932793
USA,United States,2022,21635792
CZE,Czechia,2020,6355503
CZE,Czechia,2022,6287573
POL,Poland,2020,2867784
POL,Poland,2022,2694911
IRL,Ireland,2020,323976
IRL,Ireland,2022,318254
FIN,Finland,2020,3419992
FIN,Finland,2022,3423271
COL,Colombia,2021,2233955
COL,Colombia,2020,2154676
ESP,Spain,2021,3713897.022
ESP,Spain,2020,3683574
JPN,Japan,2020,6713773
JPN,Japan,2022,6445672
NOR,Norway,2020,1971211
NOR,Norway,2022,2044923
DNK,Denmark,2020,309527
DNK,Denmark,2022,312721
EST,Estonia,2020,1329479
EST,Estonia,2022,1348840
SVN,Slovenia,2020,134316
SVN,Slovenia,2022,127916
ISL,Iceland,2020,244443
ISL,Iceland,2022,254519
CZE,Czechia,2021,4128299
CZE,Czechia,2020,4134562
LUX,Luxembourg,2020,50241
LUX,Luxembourg,2022,52838
HUN,Hungary,2020,1906992
HUN,Hungary,2022,1904146
ESP,Spain,2020,3397902
ESP,Spain,2022,3533740.822
AUT,Austria,2020,1707773
AUT,Austria,2022,1765550
AUT,Austria,2020,610270
AUT,Austria,2022,629674
ISR,Israel,2020,915396
ISR,Israel,2022,914400
GBR,United Kingdom,2020,4476630
GBR,United Kingdom,2022,4318382
EST,Estonia,2020,64565
EST,Estonia,2022,68794
DEU,Germany,2021,3841876
DEU,Germany,2020,3898009
NZL,New Zealand,2020,1284370
NZL,New Zealand,2022,1281210
CAN,Canada,2020,2073456
CAN,Canada,2022,2126905
LVA,Latvia,2020,77570
LVA,Latvia,2022,69517
CHE,Switzerland,2020,637260
CHE,Switzerland,2022,657634
BEL,Belgium,2020,671726
BEL,Belgium,2022,687054
USA,United States,2021,20055700
USA,United States,2020,20091670
CRI,Costa Rica,2020,381332.7962
CRI,Costa Rica,2022,371648.5137
SWE,Sweden,2020,6440403
SWE,Sweden,2022,6519894
ISL,Iceland,2020,23025
ISL,Iceland,2022,22465
CHE,Switzerland,2021,5746095
CHE,Switzerland,2020,5719839
PRT,Portugal,2020,452323
PRT,Portugal,2022,486605.5
JPN,Japan,2020,60147235
JPN,Japan,2022,61190605
DEU,Germany,2020,83160877
DEU,Germany,2022,83797987
LUX,Luxembourg,2020,34994
LUX,Luxembourg,2022,37465
SVN,Slovenia,2021,412259
SVN,Slovenia,2020,410331
POL,Poland,2021,849171
POL,Poland,2020,877335
MEX,Mexico,2020,3502475
MEX,Mexico,2022,3816454
JPN,Japan,2020,8236274
JPN,Japan,2022,7534720
EST,Estonia,2020,525487
EST,Estonia,2022,534646
HUN,Hungary,2020,492698
HUN,Hungary,2022,517385
KOR,Korea,2020,2518218
KOR,Korea,2022,2278815
USA,United States,2020,22133249
USA,United States,2022,22267949
LUX,Luxembourg,2020,43204
LUX,Luxembourg,2022,45224
EST,Estonia,2020,84675
EST,Estonia,2022,89883
TUR,Türkiye,2021,6429896
TUR,Türkiye,2020,6529214
JPN,Japan,2020,7064625
JPN,Japan,2022,7029591
GRC,Greece,2020,802436
GRC,Greece,2022,799417
CAN,Canada,2020,23023604
CAN,Canada,2022,23403749
POL,Poland,2021,2628254
POL,Poland,2020,2719848
PRT,Portugal,2020,743918
PRT,Portugal,2022,748071
FRA,France,2020,3834493
FRA,France,2022,3948282
CHL,Chile,2020,814608
CHL,Chile,2022,871490
CHL,Chile,2020,1145476
CHL,Chile,2022,1184443
SVN,Slovenia,2020,101248
SVN,Slovenia,2022,114661
LVA,Latvia,2020,47383
LVA,Latvia,2022,48583
FRA,France,2020,4135226
FRA,France,2022,4187687
BEL,Belgium,2020,729160
BEL,Belgium,2022,751081
SWE,Sweden,2020,555516
SWE,Sweden,2022,530250
GBR,United Kingdom,2020,1726223
GBR,United Kingdom,2022,1718265
LTU,Lithuania,2020,190517
LTU,Lithuania,2022,199170
TUR,Türkiye,2021,3593155
TUR,Türkiye,2020,3564582
DNK,Denmark,2020,338612
DNK,Denmark,2022,332910
AUS,Australia,2020,6245606
AUS,Australia,2022,6292314
CAN,Canada,2021,2057182
CAN,Canada,2020,2100625
BEL,Belgium,2021,2569719
BEL,Belgium,2020,2567597
FRA,France,2020,13859808
FRA,France,2022,14342496
AUT,Austria,2020,435566
AUT,Austria,2022,443333
CHE,Switzerland,2021,649646
CHE,Switzerland,2020,658712
COL,Colombia,2020,3615022
COL,Colombia,2022,3741470
SWE,Sweden,2020,622219
SWE,Sweden,2022,622378
TUR,Türkiye,2020,7752143
TUR,Türkiye,2022,8348398
CRI,Costa Rica,2020,271596.5738
CRI,Costa Rica,2022,278315.3743
NLD,Netherlands,2020,1135953
NLD,Netherlands,2022,1145174
EST,Estonia,2021,91443
EST,Estonia,2020,91636
CAN,Canada,2020,2629217
CAN,Canada,2022,2718849
TUR,Türkiye,2020,6101248
TUR,Türkiye,2022,6576596
PRT,Portugal,2020,537825
PRT,Portugal,2022,525726.5
BEL,Belgium,2020,743122
BEL,Belgium,2022,763964
SVN,Slovenia,2020,150947
SVN,Slovenia,2022,152995
CRI,Costa Rica,2020,3164759.949
CRI,Costa Rica,2022,3229406.794
GRC,Greece,2020,6782440
GRC,Greece,2022,6609838
USA,United States,2021,6467137
USA,United States,2020,6483182
SVK,Slovak Republic,2022,262552.5
SVK,Slovak Republic,2021,259618.5
NZL,New Zealand,2020,340160
NZL,New Zealand,2022,324480
AUT,Austria,2020,3683027
AUT,Austria,2022,3775019
PRT,Portugal,2020,553379.5
PRT,Portugal,2022,560816.5
AUT,Austria,2020,566404
AUT,Austria,2022,597182
CRI,Costa Rica,2020,1493400.622
CRI,Costa Rica,2022,1482813.902
ISR,Israel,2020,143101
ISR,Israel,2022,140100
CHL,Chile,2020,4998100
CHL,Chile,2022,4971453
EST,Estonia,2021,71421
EST,Estonia,2020,72135
COL,Colombia,2020,4695453
COL,Colombia,2022,5035491
AUT,Austria,2020,613026
AUT,Austria,2022,620361
GBR,United Kingdom,2020,4616017
GBR,United Kingdom,2022,4596935
TUR,Türkiye,2021,6330341
TUR,Türkiye,2020,6340956
MEX,Mexico,2020,27181091
MEX,Mexico,2022,28920079
HUN,Hungary,2020,632381
HUN,Hungary,2022,568591
COL,Colombia,2020,1208446
COL,Colombia,2022,1309574
CHL,Chile,2020,5717911
CHL,Chile,2022,6007706
CRI,Costa Rica,2020,112996.1352
CRI,Costa Rica,2022,127917.6434
LVA,Latvia,2020,392555
LVA,Latvia,2022,393268
USA,United States,2020,21908756
USA,United States,2022,20967014
AUS,Australia,2020,25655289
AUS,Australia,2022,25978935
HUN,Hungary,2020,818333
HUN,Hungary,2022,736120
POL,Poland,2020,1029162
POL,Poland,2022,1128730
AUT,Austria,2020,5925641
AUT,Austria,2022,5979620
JPN,Japan,2020,7442392
JPN,Japan,2022,7444652
BEL,Belgium,2020,668616
BEL,Belgium,2022,675071
ESP,Spain,2021,9130471.689
ESP,Spain,2020,9241065
USA,United States,2020,22788530
USA,United States,2022,23308136
CZE,Czechia,2020,688879
CZE,Czechia,2022,725807
DNK,Denmark,2021,331017
DNK,Denmark,2020,326767
HUN,Hungary,2020,650532
HUN,Hungary,2022,656276
DEU,Germany,2020,37290159
DEU,Germany,2022,37585507
KOR,Korea,2020,1608464
KOR,Korea,2022,1600887
GBR,United Kingdom,2020,3855818
GBR,United Kingdom,2022,4074805
LUX,Luxembourg,2020,33491
LUX,Luxembourg,2022,34681
LUX,Luxembourg,2020,33200
LUX,Luxembourg,2022,33857
IRL,Ireland,2021,1320813
IRL,Ireland,2020,1327599
DEU,Germany,2020,3821083
DEU,Germany,2022,4247161
PRT,Portugal,2020,791960.5
PRT,Portugal,2022,811755.5
LTU,Lithuania,2020,201405
LTU,Lithuania,2022,206517
DNK,Denmark,2020,248614
DNK,Denmark,2022,282012
IRL,Ireland,2020,323923
IRL,Ireland,2022,332535
EST,Estonia,2020,95945
EST,Estonia,2022,101977
JPN,Japan,2020,5376067
JPN,Japan,2022,5307628
DNK,Denmark,2020,2313811
DNK,Denmark,2022,2371493
JPN,Japan,2020,8738079
JPN,Japan,2022,9435217
AUT,Austria,2020,692757
AUT,Austria,2022,708612
NLD,Netherlands,2020,3759360
NLD,Netherlands,2022,3744286
CAN,Canada,2020,8139158
CAN,Canada,2022,8195548
DNK,Denmark,2020,3707906
DNK,Denmark,2022,3754139
NLD,Netherlands,2020,1159321
NLD,Netherlands,2022,1075185
CHE,Switzerland,2021,604886
CHE,Switzerland,2020,593887
LVA,Latvia,2020,1203809
LVA,Latvia,2022,1185872
LTU,Lithuania,2020,214596
LTU,Lithuania,2022,210259
GBR,United Kingdom,2020,3355381
GBR,United Kingdom,2022,3416867
ISR,Israel,2020,170818
ISR,Israel,2022,212200
BEL,Belgium,2020,788388
BEL,Belgium,2022,783464
LUX,Luxembourg,2021,221522
LUX,Luxembourg,2020,216935
JPN,Japan,2020,7498375
JPN,Japan,2022,7211964
ESP,Spain,2020,47355685
ESP,Spain,2022,47615034
ISR,Israel,2020,132143
ISR,Israel,2022,140700
IRL,Ireland,2020,393691
IRL,Ireland,2022,412850
PRT,Portugal,2020,561998.5
PRT,Portugal,2022,568133.5
AUS,Australia,2020,1486781
AUS,Australia,2022,1532866
SVK,Slovak Republic,2020,5458827
SVK,Slovak Republic,2022,5431752
CHE,Switzerland,2020,619932
CHE,Switzerland,2022,631715
SVK,Slovak Republic,2020,160072
SVK,Slovak Republic,2022,164816.5
ESP,Spain,2020,2539272
ESP,Spain,2022,2528818.437
POL,Poland,2020,1930096
POL,Poland,2022,1966790
KOR,Korea,2020,781582
KOR,Korea,2022,939379
GBR,United Kingdom,2020,4091543
GBR,United Kingdom,2022,4325336
SVK,Slovak Republic,2020,332190.5
SVK,Slovak Republic,2022,338769.5
COL,Colombia,2020,3957774
COL,Colombia,2022,3961963
SWE,Sweden,2020,568808
SWE,Sweden,2022,572452
PRT,Portugal,2021,2436948.5
PRT,Portugal,2020,2385367.5
POL,Poland,2020,1840843
POL,Poland,2022,2018173
FRA,France,2020,4089475
FRA,France,2022,4052724
NOR,Norway,2020,286512
NOR,Norway,2022,278912
EST,Estonia,2020,75673
EST,Estonia,2022,78248
IRL,Ireland,2021,297186
IRL,Ireland,2020,292700
COL,Colombia,2020,3234166
COL,Colombia,2022,3437388
GRC,Greece,2020,549002
GRC,Greece,2022,525240
GRC,Greece,2020,2397027
GRC,Greece,2022,2362081
LTU,Lithuania,2020,173787
LTU,Lithuania,2022,182784
MEX,Mexico,2022,10669257
MEX,Mexico,2021,10670774
NLD,Netherlands,2020,1049956
NLD,Netherlands,2022,1089947
JPN,Japan,2020,7940132
JPN,Japan,2022,8074748
FRA,France,2020,16175300
FRA,France,2022,16049632
AUS,Australia,2020,1840790
AUS,Australia,2022,1890782
NLD,Netherlands,2020,1283978
NLD,Netherlands,2022,1278953
EST,Estonia,2020,86603
EST,Estonia,2022,83290
KOR,Korea,2020,37378502
KOR,Korea,2022,36675233
LTU,Lithuania,2021,191145
LTU,Lithuania,2020,175389
KOR,Korea,2020,1109242
KOR,Korea,2022,1246971
MEX,Mexico,2020,85066576
MEX,Mexico,2022,86929535
ITA,Italy,2020,27247947
ITA,Italy,2022,27773010
DEU,Germany,2020,3755269
DEU,Germany,2022,3979459
IRL,Ireland,2020,344144
IRL,Ireland,2022,332942
CRI,Costa Rica,2020,1237159.701
CRI,Costa Rica,2022,1307625.141
DEU,Germany,2020,18181162
DEU,Germany,2022,18548263
FRA,France,2020,4126817
FRA,France,2022,4267083
SVK,Slovak Republic,2020,454623.5
SVK,Slovak Republic,2022,444974.5
GBR,United Kingdom,2020,2403759
GBR,United Kingdom,2022,2721256
USA,United States,2020,22764166
USA,United States,2022,22193164
AUS,Australia,2020,1682976
AUS,Australia,2022,1620920
POL,Poland,2020,2646756
POL,Poland,2022,2824728
SVK,Slovak Republic,2020,359203.5
SVK,Slovak Republic,2022,322884
IRL,Ireland,2020,316032
IRL,Ireland,2022,332637
GRC,Greece,2020,4603543
GRC,Greece,2022,4614623
COL,Colombia,2020,3879375
COL,Colombia,2022,4085699
TUR,Türkiye,2020,4630003
TUR,Türkiye,2022,4904554
EST,Estonia,2020,268421
EST,Estonia,2022,274300
USA,United States,2020,20716484
USA,United States,2022,20807547
CAN,Canada,2020,2660858
CAN,Canada,2022,2782998
LTU,Lithuania,2021,143216
LTU,Lithuania,2020,134284
ITA,Italy,2020,37856485
ITA,Italy,2022,37414016
NOR,Norway,2021,3194448
NOR,Norway,2020,3182426
USA,United States,2021,18238929
USA,United States,2020,17869643
MEX,Mexico,2021,1121512
MEX,Mexico,2020,1086478
CAN,Canada,2020,14600235
CAN,Canada,2022,15029365
CHL,Chile,2020,1224425
CHL,Chile,2022,1224709
NZL,New Zealand,2020,1734010
NZL,New Zealand,2022,1798430
COL,Colombia,2020,2847413
COL,Colombia,2022,2870494
IRL,Ireland,2020,386464
IRL,Ireland,2022,369343
FIN,Finland,2020,1243604
FIN,Finland,2022,1286775
DEU,Germany,2020,3714005
DEU,Germany,2022,3806490
CHE,Switzerland,2020,562900
CHE,Switzerland,2022,555541
ITA,Italy,2020,2595611
ITA,Italy,2022,2702187
NLD,Netherlands,2020,1257075
NLD,Netherlands,2022,1266311
CRI,Costa Rica,2020,374598.4774
CRI,Costa Rica,2022,375032.1025
CHL,Chile,2020,1271513
CHL,Chile,2022,1316079
SWE,Sweden,2020,10353444
SWE,Sweden,2022,10486941
SVN,Slovenia,2022,156223
SVN,Slovenia,2021,154391
SVK,Slovak Republic,2020,290028
SVK,Slovak Republic,2022,294443.5
PRT,Portugal,2020,662297
PRT,Portugal,2022,627268
LUX,Luxembourg,2020,49268
LUX,Luxembourg,2022,51129
LUX,Luxembourg,2020,91759
LUX,Luxembourg,2022,96713
LVA,Latvia,2020,64885
LVA,Latvia,2022,64778
SWE,Sweden,2020,538392
SWE,Sweden,2022,541479
COL,Colombia,2020,4122486
COL,Colombia,2022,4063451
KOR,Korea,2020,3392351
KOR,Korea,2022,3099640
POL,Poland,2020,38354173
POL,Poland,2022,37827355
DEU,Germany,2021,5083594
DEU,Germany,2020,4971958
TUR,Türkiye,2020,2074309
TUR,Türkiye,2022,2219572
CHE,Switzerland,2020,401155
CHE,Switzerland,2022,398921
CHE,Switzerland,2020,437514
CHE,Switzerland,2022,447360
HUN,Hungary,2020,493130
HUN,Hungary,2022,471830
LUX,Luxembourg,2020,133936
LUX,Luxembourg,2022,137601
FIN,Finland,2020,2321839
FIN,Finland,2022,2338299
KOR,Korea,2020,2662232
KOR,Korea,2022,3063244
ISL,Iceland,2020,13892
ISL,Iceland,2022,14922
ISR,Israel,2021,609200
ISR,Israel,2020,603753
GRC,Greece,2020,685121
GRC,Greece,2022,700821
DEU,Germany,2020,3672224
DEU,Germany,2022,3165030
USA,United States,2020,19070030
USA,United States,2022,18538353
AUT,Austria,2020,226293
AUT,Austria,2022,223226
ISR,Israel,2020,379319
ISR,Israel,2022,386100
CZE,Czechia,2020,412929
CZE,Czechia,2022,460075
COL,Colombia,2020,515678
COL,Colombia,2022,512866
EST,Estonia,2020,842472
EST,Estonia,2022,853681
SVN,Slovenia,2020,55034
SVN,Slovenia,2022,56709
CHE,Switzerland,2020,327839
CHE,Switzerland,2022,349097
SWE,Sweden,2021,705036
SWE,Sweden,2020,728728
SVN,Slovenia,2020,160837
SVN,Slovenia,2022,160464
NLD,Netherlands,2020,1127729
NLD,Netherlands,2022,1169978
LTU,Lithuania,2020,551659
LTU,Lithuania,2022,557299
SVK,Slovak Republic,2020,239436.5
SVK,Slovak Republic,2022,268082.5
NZL,New Zealand,2020,373750
NZL,New Zealand,2022,387550
CHE,Switzerland,2020,432764
CHE,Switzerland,2022,449675
GBR,United Kingdom,2020,3363906
GBR,United Kingdom,2022,3193708
IRL,Ireland,2020,1587814
IRL,Ireland,2022,1676566
AUT,Austria,2020,434757
AUT,Austria,2022,432660
HUN,Hungary,2020,9750153
HUN,Hungary,2022,9643048
LVA,Latvia,2020,102067
LVA,Latvia,2022,100318
FIN,Finland,2020,347503
FIN,Finland,2022,353484
BEL,Belgium,2020,11506938
BEL,Belgium,2022,11640788
ISL,Iceland,2021,55362
ISL,Iceland,2020,53413
NOR,Norway,2020,1243270
NOR,Norway,2022,1238081
PRT,Portugal,2021,654963.5
PRT,Portugal,2020,646306.5
AUS,Australia,2020,15224372
AUS,Australia,2022,15250832
ISL,Iceland,2021,22227
ISL,Iceland,2020,21595
DEU,Germany,2020,6598730
DEU,Germany,2022,6086155
ISL,Iceland,2020,28057
ISL,Iceland,2022,31166
CZE,Czechia,2020,6839835
CZE,Czechia,2022,6823882
ESP,Spain,2021,2224355.729
ESP,Spain,2020,2218019
ITA,Italy,2020,2956614
ITA,Italy,2022,2927450
LTU,Lithuania,2020,129102
LTU,Lithuania,2022,132945
NLD,Netherlands,2020,638630
NLD,Netherlands,2022,742163
SVN,Slovenia,2020,144449
SVN,Slovenia,2022,143460
LVA,Latvia,2021,131373
LVA,Latvia,2020,135899
MEX,Mexico,2020,1720754
MEX,Mexico,2022,1840896
ISL,Iceland,2020,25618
ISL,Iceland,2022,26132
CHL,Chile,2020,1443181
CHL,Chile,2022,1378746
LTU,Lithuania,2020,142871
LTU,Lithuania,2022,127130
NLD,Netherlands,2020,1101036
NLD,Netherlands,2022,1150487
PRT,Portugal,2020,447006.5
PRT,Portugal,2022,433171
USA,United States,2020,82523116
USA,United States,2022,81073179
POL,Poland,2020,14417100
POL,Poland,2022,14312717
AUT,Austria,2020,511802
AUT,Austria,2022,498119
SWE,Sweden,2020,572742
SWE,Sweden,2022,596908
GRC,Greece,2020,441141
GRC,Greece,2022,446410
HUN,Hungary,2020,374696
HUN,Hungary,2022,370854
AUS,Australia,2020,767379
AUS,Australia,2022,874181
EST,Estonia,2020,778859
EST,Estonia,2022,784329
CZE,Czechia,2020,10700155
CZE,Czechia,2022,10759525
NZL,New Zealand,2020,308160
NZL,New Zealand,2022,316490
NLD,Netherlands,2020,3425045
NLD,Netherlands,2022,3563328
ITA,Italy,2020,4580726
ITA,Italy,2022,4765398
IRL,Ireland,2020,134103
IRL,Ireland,2022,151501
TUR,Türkiye,2020,25421147
TUR,Türkiye,2022,25127948
NOR,Norway,2020,117226
NOR,Norway,2022,118326
POL,Poland,2020,824033
POL,Poland,2022,792465
LVA,Latvia,2020,83546
LVA,Latvia,2022,83939
ITA,Italy,2020,3254293
ITA,Italy,2022,3213814
MEX,Mexico,2020,8998548
MEX,Mexico,2022,9292518
CZE,Czechia,2020,638639
CZE,Czechia,2022,603363
GBR,United Kingdom,2020,12508638
GBR,United Kingdom,2022,12732805
SVK,Slovak Republic,2020,918599.5
SVK,Slovak Republic,2022,957013
CZE,Czechia,2020,239365
CZE,Czechia,2022,260057
COL,Colombia,2020,50407647
COL,Colombia,2022,51682692
FRA,France,2020,2249415
FRA,France,2022,2639482
BEL,Belgium,2020,333530
BEL,Belgium,2022,340769
DNK,Denmark,2020,393692
DNK,Denmark,2022,385328
CHL,Chile,2020,12101594
CHL,Chile,2022,12296489
ISL,Iceland,2020,24314
ISL,Iceland,2022,26028
FRA,France,2020,1862208
FRA,France,2022,1803971
GRC,Greece,2020,561275
GRC,Greece,2022,516341
KOR,Korea,2021,1617527
KOR,Korea,2020,1776616
CHL,Chile,2020,1435240
CHL,Chile,2022,1483789
GBR,United Kingdom,2020,67081234
GBR,United Kingdom,2022,67299048
HUN,Hungary,2020,487707
HUN,Hungary,2022,493287
TUR,Türkiye,2020,5548613
TUR,Türkiye,2022,5712898
KOR,Korea,2020,34860284
KOR,Korea,2022,34396418
LVA,Latvia,2020,789044
LVA,Latvia,2022,785916
FIN,Finland,2020,297452
FIN,Finland,2022,305327
CRI,Costa Rica,2020,411543.1672
CRI,Costa Rica,2022,436542.6532
IRL,Ireland,2020,350016
IRL,Ireland,2022,366302
TUR,Türkiye,2021,3047582
TUR,Türkiye,2020,2830694
AUT,Austria,2020,705179
AUT,Austria,2022,681168
MEX,Mexico,2020,10814157
MEX,Mexico,2022,10648820
ISL,Iceland,2020,6506
ISL,Iceland,2022,6651
NLD,Netherlands,2020,905624
NLD,Netherlands,2022,896691
BEL,Belgium,2020,801732
BEL,Belgium,2022,801178
FRA,France,2020,4249211
FRA,France,2022,4277534
AUT,Austria,2021,423855
AUT,Austria,2020,422084
PRT,Portugal,2020,1921011.5
PRT,Portugal,2022,1880143.5
NLD,Netherlands,2020,956127
NLD,Netherlands,2022,934344
COL,Colombia,2020,2609841
COL,Colombia,2022,2711042
ITA,Italy,2020,2254750
ITA,Italy,2022,2271975
USA,United States,2020,216094666
USA,United States,2022,216055318
ITA,Italy,2020,3382767
ITA,Italy,2022,3336395
JPN,Japan,2020,6319959
JPN,Japan,2022,6263291
FIN,Finland,2020,358435
FIN,Finland,2022,354743
IRL,Ireland,2020,307239
IRL,Ireland,2022,318785
MEX,Mexico,2020,5831591
MEX,Mexico,2022,6137831
CHL,Chile,2020,13361656
CHL,Chile,2022,13528576
FIN,Finland,2020,222301
FIN,Finland,2022,259517
ISL,Iceland,2020,23986
ISL,Iceland,2022,24858
ISR,Israel,2020,1110793
ISR,Israel,2022,1179000
ITA,Italy,2020,2838378
ITA,Italy,2022,2807766
CZE,Czechia,2021,665161
CZE,Czechia,2020,675777
SVN,Slovenia,2020,93674
SVN,Slovenia,2022,96890
GRC,Greece,2020,798437
GRC,Greece,2022,787328
CHL,Chile,2020,413785
CHL,Chile,2022,450362
HUN,Hungary,2020,531845
HUN,Hungary,2022,519613
AUS,Australia,2020,1568172
AUS,Australia,2022,1653030
HUN,Hungary,2020,569002
HUN,Hungary,2022,578981
ISR,Israel,2020,5518392
ISR,Israel,2022,5696000
USA,United States,2020,9682949
USA,United States,2022,10861000
NOR,Norway,2020,347652
NOR,Norway,2022,353284
ISR,Israel,2020,2331376
ISR,Israel,2022,2451700
LVA,Latvia,2020,100728
LVA,Latvia,2022,92018
NZL,New Zealand,2020,96770
NZL,New Zealand,2022,109720
POL,Poland,2020,2487083
POL,Poland,2022,2502891
SVN,Slovenia,2020,429855
SVN,Slovenia,2022,449524
DNK,Denmark,2020,151685
DNK,Denmark,2022,165004
ISL,Iceland,2020,21961
ISL,Iceland,2022,22518
IRL,Ireland,2021,265909
IRL,Ireland,2020,258941
ISL,Iceland,2020,366462
ISL,Iceland,2022,382005
ESP,Spain,2021,1874384.547
ESP,Spain,2020,1970125
PRT,Portugal,2020,6616292
PRT,Portugal,2022,6605041.5
KOR,Korea,2020,3307803
KOR,Korea,2022,3380219
ITA,Italy,2020,2864033
ITA,Italy,2022,2877164
AUT,Austria,2020,5490075
AUT,Austria,2022,5536287
ISR,Israel,2020,564581
ISR,Israel,2022,570300
LTU,Lithuania,2021,165885
LTU,Lithuania,2020,184054
LUX,Luxembourg,2020,437918
LUX,Luxembourg,2022,452651
FIN,Finland,2020,160927
FIN,Finland,2022,170562
CAN,Canada,2020,2046207
CAN,Canada,2022,2062572
PRT,Portugal,2021,594275
PRT,Portugal,2020,577761
SVN,Slovenia,2020,876280
SVN,Slovenia,2022,892287
NOR,Norway,2020,326415
NOR,Norway,2022,329974
NOR,Norway,2020,312933
NOR,Norway,2022,307141
ESP,Spain,2020,2763082
ESP,Spain,2022,2727985.333
TUR,Türkiye,2021,861305
TUR,Türkiye,2020,839465
CAN,Canada,2020,1219585
CAN,Canada,2022,1381797
COL,Colombia,2020,15845408
COL,Colombia,2022,15736005
HUN,Hungary,2021,625230
HUN,Hungary,2020,621020
SVN,Slovenia,2020,109752
SVN,Slovenia,2022,107100
ISL,Iceland,2020,6192
ISL,Iceland,2022,6582
NZL,New Zealand,2020,332010
NZL,New Zealand,2022,338850
DNK,Denmark,2020,341050
DNK,Denmark,2022,344718
DEU,Germany,2020,5732955
DEU,Germany,2022,6098125
NZL,New Zealand,2021,340630
NZL,New Zealand,2020,334680
JPN,Japan,2020,36026632
JPN,Japan,2022,36235988
DNK,Denmark,2021,372987
DNK,Denmark,2020,376890
FRA,France,2020,4179534
FRA,France,2022,4226242
MEX,Mexico,2020,73993928
MEX,Mexico,2022,75858677
USA,United States,2020,14501965
USA,United States,2022,15157017
CZE,Czechia,2020,484332
CZE,Czechia,2022,536309
SWE,Sweden,2020,667159
SWE,Sweden,2022,656610
CHL,Chile,2021,1659478
CHL,Chile,2020,1596211
JPN,Japan,2020,20737908
JPN,Japan,2022,20014964
CHL,Chile,2020,1265269
CHL,Chile,2022,1298475
NZL,New Zealand,2020,317930
NZL,New Zealand,2022,316870
JPN,Japan,2020,8476244
JPN,Japan,2022,7945834
LVA,Latvia,2020,92082
LVA,Latvia,2022,96623
CHE,Switzerland,2020,5298684
CHE,Switzerland,2022,5351230
KOR,Korea,2020,8151867
KOR,Korea,2022,9018412
LVA,Latvia,2020,101289
LVA,Latvia,2022,107898
NZL,New Zealand,2020,212550
NZL,New Zealand,2022,219980
MEX,Mexico,2020,6888746
MEX,Mexico,2022,7220969
POL,Poland,2021,25131230
POL,Poland,2020,25411648
AUS,Australia,2020,16711153
AUS,Australia,2022,16783698
ITA,Italy,2021,2550829
ITA,Italy,2020,2603149
FRA,France,2020,4232216
FRA,France,2022,4190125
LUX,Luxembourg,2020,27839
LUX,Luxembourg,2022,29789
SWE,Sweden,2021,5890160
SWE,Sweden,2020,5867661
LVA,Latvia,2020,137085
LVA,Latvia,2022,131566
MEX,Mexico,2020,4697196
MEX,Mexico,2022,5033981
CRI,Costa Rica,2021,5163037.971
CRI,Costa Rica,2020,5111238.216
FRA,France,2020,4399556
FRA,France,2022,4439076
NOR,Norway,2020,277068
NOR,Norway,2022,286759
CHL,Chile,2020,2358616
CHL,Chile,2022,2560621
DNK,Denmark,2020,318763
DNK,Denmark,2022,324436
NZL,New Zealand,2020,791850
NZL,New Zealand,2022,840170
NOR,Norway,2020,317410
NOR,Norway,2022,322054
JPN,Japan,2021,6379418
JPN,Japan,2020,6384151
NOR,Norway,2020,373975
NOR,Norway,2022,361746
COL,Colombia,2020,499987
COL,Colombia,2022,535058
DNK,Denmark,2020,301910
DNK,Denmark,2022,305178
CAN,Canada,2020,25124229
CAN,Canada,2022,25528721
CZE,Czechia,2020,908693
CZE,Czechia,2022,833818
FRA,France,2020,67538482
FRA,France,2022,67942590
LTU,Lithuania,2020,74449
LTU,Lithuania,2022,72840
LUX,Luxembourg,2021,23191
LUX,Luxembourg,2020,22531
CRI,Costa Rica,2020,76250.06389
CRI,Costa Rica,2022,83989.03783
CHL,Chile,2020,275911
CHL,Chile,2022,298453
FIN,Finland,2020,5529545
FIN,Finland,2022,5556108
LVA,Latvia,2020,131176
LVA,Latvia,2022,127751
FIN,Finland,2021,351121
FIN,Finland,2020,354337
KOR,Korea,2020,3872171
KOR,Korea,2022,4028942
GBR,United Kingdom,2020,25491324
GBR,United Kingdom,2022,26017846
SVK,Slovak Republic,2021,1992591
SVK,Slovak Republic,2020,1978725.5
NOR,Norway,2020,373384
NOR,Norway,2022,379572
AUS,Australia,2020,1887990
AUS,Australia,2022,1817195
HUN,Hungary,2020,642696
HUN,Hungary,2022,616706
SVN,Slovenia,2021,111445
SVN,Slovenia,2020,113475
BEL,Belgium,2020,749234
BEL,Belgium,2022,772581
COL,Colombia,2020,813198
COL,Colombia,2022,883890
EST,Estonia,2020,42804
EST,Estonia,2022,43100
DNK,Denmark,2020,5825337
DNK,Denmark,2022,5910577
NLD,Netherlands,2020,1027749
NLD,Netherlands,2022,1053631
HUN,Hungary,2020,1959451
HUN,Hungary,2022,1984836
GRC,Greece,2020,10698597
GRC,Greece,2022,10361270
DEU,Germany,2020,2446395
DEU,Germany,2022,2679115
BEL,Belgium,2020,318654
BEL,Belgium,2022,301947
MEX,Mexico,2020,9763558
MEX,Mexico,2022,10527298
DNK,Denmark,2020,401147
DNK,Denmark,2022,408895
ESP,Spain,2020,19349992
ESP,Spain,2022,20033170.86
TUR,Türkiye,2020,56492253
TUR,Türkiye,2022,57775983
USA,United States,2020,118338417
USA,United States,2022,120687836
SWE,Sweden,2020,673164
SWE,Sweden,2022,661990
USA,United States,2020,20886654
USA,United States,2022,21118423
CHL,Chile,2020,989394
CHL,Chile,2022,1037933
DEU,Germany,2020,49647175
DEU,Germany,2022,49602230
SWE,Sweden,2020,632748
SWE,Sweden,2022,643368
EST,Estonia,2020,282199
EST,Estonia,2022,290211
CHL,Chile,2020,1260062
CHL,Chile,2022,1232087
DEU,Germany,2020,5154609
DEU,Germany,2022,4871848
AUS,Australia,2020,4185311
AUS,Australia,2022,4435789
MEX,Mexico,2021,43892714
MEX,Mexico,2020,44034800
USA,United States,2021,22489868
USA,United States,2020,22082951
BEL,Belgium,2020,2216799
BEL,Belgium,2022,2290062
CZE,Czechia,2020,636553
CZE,Czechia,2022,577760
CHE,Switzerland,2021,474891
CHE,Switzerland,2020,478843
LTU,Lithuania,2020,1686715
LTU,Lithuania,2022,1709854
ISL,Iceland,2020,23239
ISL,Iceland,2022,24264
IRL,Ireland,2020,309516
IRL,Ireland,2022,301710
ITA,Italy,2020,4721132
ITA,Italy,2022,4549368
KOR,Korea,2020,4385732
KOR,Korea,2022,4057029
AUT,Austria,2020,360154
AUT,Austria,2022,329758
SWE,Sweden,2020,583582
SWE,Sweden,2022,581853
ISL,Iceland,2020,21870
ISL,Iceland,2022,22136
TUR,Türkiye,2021,6702608
TUR,Türkiye,2020,6643857
NZL,New Zealand,2020,290570
NZL,New Zealand,2022,304220
USA,United States,2020,54826523
USA,United States,2022,57794852
ISR,Israel,2020,4791211
ISR,Israel,2022,4943000
ESP,Spain,2020,2312900
ESP,Spain,2022,2244283.674
ISR,Israel,2020,666004
ISR,Israel,2022,695600
LTU,Lithuania,2021,560283
LTU,Lithuania,2020,556511
USA,United States,2020,20276251
USA,United States,2022,19624098
CHE,Switzerland,2020,606015
CHE,Switzerland,2022,595290
JPN,Japan,2020,6133398
JPN,Japan,2022,6591961
MEX,Mexico,2020,9899422
MEX,Mexico,2022,10173243
ISL,Iceland,2020,20649
ISL,Iceland,2022,21122
CHE,Switzerland,2021,539357
CHE,Switzerland,2020,524864
ITA,Italy,2020,2194508
ITA,Italy,2022,2245509
BEL,Belgium,2020,746552
BEL,Belgium,2022,749519
AUS,Australia,2020,1603137
AUS,Australia,2022,1638313
KOR,Korea,2020,4338269
KOR,Korea,2022,4481723
LTU,Lithuania,2020,90393
LTU,Lithuania,2022,86226
IRL,Ireland,2020,3253626
IRL,Ireland,2022,3330361
LUX,Luxembourg,2020,16365
LUX,Luxembourg,2022,17520
ITA,Italy,2020,4847189
ITA,Italy,2022,4792089
SVN,Slovenia,2021,147971
CRI,Costa Rica,2021,180239.1009
LTU,Lithuania,2021,191778
CZE,Czechia,2022,497330
SVK,Slovak Republic,2021,422289.5
ISR,Israel,2021,890200
ESP,Spain,2021,1284865.145
CAN,Canada,2021,2698869
MEX,Mexico,2021,7951363
LTU,Lithuania,2021,2808380
FIN,Finland,2021,364163
GBR,United Kingdom,2022,4514761
AUS,Australia,2021,1550507
LTU,Lithuania,2021,133954
ITA,Italy,2021,3023461
NZL,New Zealand,2020,325760
TUR,Türkiye,2021,1374032
FIN,Finland,2021,245141
AUT,Austria,2021,417423
USA,United States,2021,21196508
JPN,Japan,2022,9462394
COL,Colombia,2021,34532977
TUR,Türkiye,2021,50795969
DEU,Germany,2021,15384242
BEL,Belgium,2021,7376439
TUR,Türkiye,2021,6423927
GRC,Greece,2021,797232
ISL,Iceland,2021,30361
ITA,Italy,2021,34711970
MEX,Mexico,2021,128972439
KOR,Korea,2021,2296616
LVA,Latvia,2022,93611
JPN,Japan,2021,125502290
SVN,Slovenia,2021,110887
IRL,Ireland,2021,291628
GRC,Greece,2021,540880
TUR,Türkiye,2022,21654407
CAN,Canada,2021,872632
EST,Estonia,2021,91880
ESP,Spain,2022,3124550.842
DNK,Denmark,2021,396955
CRI,Costa Rica,2022,47393.44673
ITA,Italy,2021,59133173
SVK,Slovak Republic,2021,295445.5
FIN,Finland,2021,321656
LUX,Luxembourg,2021,47096
CAN,Canada,2021,2506925
LVA,Latvia,2021,1098639
IRL,Ireland,2021,5011460
NLD,Netherlands,2021,17533048
SWE,Sweden,2021,652156
NOR,Norway,2021,5408320
GRC,Greece,2021,377012
PRT,Portugal,2020,748435
GRC,Greece,2021,440078
NOR,Norway,2021,366778
SVK,Slovak Republic,2021,429935.5
SWE,Sweden,2021,624717
FRA,France,2021,41724966
ESP,Spain,2021,31216583.92
ESP,Spain,2021,9442630.61
CHL,Chile,2021,615340
AUS,Australia,2021,1654500
EST,Estonia,2021,86186
HUN,Hungary,2021,3840096
BEL,Belgium,2021,642763
GBR,United Kingdom,2021,3933947
PRT,Portugal,2022,546840
EST,Estonia,2021,100968
NZL,New Zealand,2021,5111400
LTU,Lithuania,2022,148075
FIN,Finland,2021,1156792
AUS,Australia,2021,1616774
SWE,Sweden,2021,750878
CRI,Costa Rica,2021,415467.0075
SVK,Slovak Republic,2021,104045.5
MEX,Mexico,2021,2599494
ISL,Iceland,2021,120143
NLD,Netherlands,2021,953734
FIN,Finland,2021,306839
ESP,Spain,2021,2458384.444
LUX,Luxembourg,2021,410805
KOR,Korea,2021,2090931
CAN,Canada,2021,2232897
EST,Estonia,2021,36143
AUS,Australia,2021,1509959
EST,Estonia,2021,69928
USA,United States,2021,332031554
BEL,Belgium,2021,4577194
GRC,Greece,2021,2009976
AUS,Australia,2021,1623384
GBR,United Kingdom,2021,4573856
CAN,Canada,2021,2605809
ESP,Spain,2021,1596621.349
FIN,Finland,2021,367048
AUT,Austria,2021,430810
CZE,Czechia,2021,579904
AUS,Australia,2021,1465025
CAN,Canada,2021,2450234
COL,Colombia,2021,4345197
FIN,Finland,2021,358306
AUT,Austria,2021,592538
CAN,Canada,2021,7082151
CRI,Costa Rica,2021,234855.0712
CAN,Canada,2022,878761
CRI,Costa Rica,2021,51266.04949
SVK,Slovak Republic,2021,355649
AUS,Australia,2021,1146773
COL,Colombia,2021,12633194
SVK,Slovak Republic,2021,283097
BEL,Belgium,2021,728466
SWE,Sweden,2021,286022
CRI,Costa Rica,2021,363196.5241
JPN,Japan,2021,4389342
SVN,Slovenia,2021,1348577
NLD,Netherlands,2021,10300912
NOR,Norway,2021,258549
NZL,New Zealand,2021,325350
NLD,Netherlands,2021,7188700
LTU,Lithuania,2021,141114
CRI,Costa Rica,2021,476772.3825
HUN,Hungary,2021,692583
CHE,Switzerland,2021,8704542
AUT,Austria,2021,8951520
SVK,Slovak Republic,2021,279406
GBR,United Kingdom,2021,4034799
DEU,Germany,2021,5567347
HUN,Hungary,2021,6312685
KOR,Korea,2021,8489538
CZE,Czechia,2021,558154
GBR,United Kingdom,2021,4214569
CZE,Czechia,2021,882118
ISR,Israel,2021,815700
KOR,Korea,2022,2141600
CHL,Chile,2022,19828563
AUS,Australia,2021,1899620
CZE,Czechia,2021,714781
ISL,Iceland,2021,225180
AUS,Australia,2021,1280143
SWE,Sweden,2022,2431007
LVA,Latvia,2021,1884488
IRL,Ireland,2021,194269
SVK,Slovak Republic,2021,398090.5
FRA,France,2021,27133798
JPN,Japan,2021,5037801
ISR,Israel,2022,3406600
SWE,Sweden,2021,265658
PRT,Portugal,2021,10407707
ISR,Israel,2021,319300
PRT,Portugal,2021,6074145.5
CZE,Czechia,2021,550444
ESP,Spain,2021,1815548.856
LUX,Luxembourg,2021,48190
DEU,Germany,2021,3972234
SVN,Slovenia,2021,2107007
CRI,Costa Rica,2021,364925.0515
GRC,Greece,2021,547989
NZL,New Zealand,2021,3011850
FIN,Finland,2021,313637
ESP,Spain,2021,2401715.873
JPN,Japan,2022,68695837
GRC,Greece,2021,575607
GBR,United Kingdom,2021,4655236
POL,Poland,2021,1802588
SWE,Sweden,2021,591756
GBR,United Kingdom,2021,15343263
HUN,Hungary,2021,5822351
CRI,Costa Rica,2021,441301.455
GRC,Greece,2021,729244
MEX,Mexico,2021,11000967
GBR,United Kingdom,2021,1649152
NZL,New Zealand,2021,323210
CRI,Costa Rica,2021,3574189.983
ISL,Iceland,2021,26221
JPN,Japan,2022,74208164
ISL,Iceland,2022,18342
KOR,Korea,2021,4111535
BEL,Belgium,2021,596453
EST,Estonia,2021,45527
LVA,Latvia,2021,122192
POL,Poland,2021,1940927
CHE,Switzerland,2021,3484410
FIN,Finland,2021,351474
IRL,Ireland,2021,2948374
FIN,Finland,2021,354068
GBR,United Kingdom,2021,3794214
AUS,Australia,2021,545408
NLD,Netherlands,2021,392553
CHE,Switzerland,2022,240323
TUR,Türkiye,2021,4642384
JPN,Japan,2022,5512327
PRT,Portugal,2022,365363.5
NOR,Norway,2021,310459
SWE,Sweden,2021,2103428
ISR,Israel,2021,9371400
SWE,Sweden,2021,3991135
COL,Colombia,2021,3825091
ISR,Israel,2022,476800
ISR,Israel,2021,404300
HUN,Hungary,2021,245387
GRC,Greece,2021,620248
GRC,Greece,2022,445514
COL,Colombia,2022,30911196
FRA,France,2021,3595574
POL,Poland,2021,1876822
NOR,Norway,2021,977609
ITA,Italy,2021,3500887
NOR,Norway,2022,125000
NLD,Netherlands,2022,1023936
NZL,New Zealand,2021,252780
BEL,Belgium,2021,747702
POL,Poland,2022,2088233
POL,Poland,2022,3102116
PRT,Portugal,2022,358852
ITA,Italy,2021,10424735
GRC,Greece,2021,560811
AUT,Austria,2021,289712
ITA,Italy,2021,3938328
CZE,Czechia,2021,617288
CAN,Canada,2021,2636004
MEX,Mexico,2021,11076419
NOR,Norway,2021,360612
NZL,New Zealand,2021,369760
CHE,Switzerland,2021,234041
USA,United States,2021,21038242
LUX,Luxembourg,2021,33490
LVA,Latvia,2021,133889
COL,Colombia,2021,2960288
IRL,Ireland,2021,91431
MEX,Mexico,2021,8405040
TUR,Türkiye,2021,6575398
GBR,United Kingdom,2022,3533800
ISL,Iceland,2021,22583
AUT,Austria,2021,599923
TUR,Türkiye,2021,6229912
DEU,Germany,2021,4933516
SVK,Slovak Republic,2022,79120
CAN,Canada,2022,1881099
CHE,Switzerland,2021,432603
AUS,Australia,2021,534260
FRA,France,2021,4445743
EST,Estonia,2021,62273
POL,Poland,2022,2333566
FRA,France,2021,3731639
GRC,Greece,2021,689269
JPN,Japan,2022,9336849
DEU,Germany,2021,6832056
LVA,Latvia,2021,128401
SVK,Slovak Republic,2022,1135676.5
CHL,Chile,2022,1594730
POL,Poland,2021,23328642
SWE,Sweden,2022,490230
EST,Estonia,2021,78999
FIN,Finland,2021,156291
KOR,Korea,2021,51744876
GBR,United Kingdom,2021,4034833
SVN,Slovenia,2021,1254099
USA,United States,2021,194302694
ESP,Spain,2021,3818928.037
GRC,Greece,2021,387886
CHL,Chile,2021,1279150
ISR,Israel,2021,360500
LVA,Latvia,2022,95254
HUN,Hungary,2021,613590
DEU,Germany,2021,4546510
CZE,Czechia,2021,683641
CHE,Switzerland,2021,437843
CRI,Costa Rica,2021,375552.6736
SWE,Sweden,2021,667355
CZE,Czechia,2021,2183185
DEU,Germany,2021,5313035
ISR,Israel,2022,551100
DNK,Denmark,2021,3375527
CZE,Czechia,2021,668102
CZE,Czechia,2021,200129
DNK,Denmark,2021,348710
NOR,Norway,2021,383509
CHL,Chile,2021,1178895
TUR,Türkiye,2021,663059
JPN,Japan,2021,5562998
LUX,Luxembourg,2021,12795
NLD,Netherlands,2021,861140
KOR,Korea,2021,3678606
DEU,Germany,2022,53481767
BEL,Belgium,2021,404391
FRA,France,2022,2285737
SVN,Slovenia,2021,102629
ITA,Italy,2021,3999690
CHL,Chile,2021,1362172
ISR,Israel,2021,739100
LUX,Luxembourg,2022,12761
CAN,Canada,2021,38226498
LVA,Latvia,2021,134187
FRA,France,2021,37531974
TUR,Türkiye,2021,6017659
LTU,Lithuania,2021,107517
IRL,Ireland,2021,84626
KOR,Korea,2021,4064463
DNK,Denmark,2022,418126
GBR,United Kingdom,2021,39145998
LUX,Luxembourg,2022,35164
CAN,Canada,2021,2382520
POL,Poland,2021,7658345
POL,Poland,2021,3211368
DNK,Denmark,2021,129770
ESP,Spain,2021,3947700.468
DNK,Denmark,2021,373635
TUR,Türkiye,2022,6437283
SVK,Slovak Republic,2021,3634818.5
GBR,United Kingdom,2021,42940212
SVK,Slovak Republic,2022,354080
HUN,Hungary,2021,199417
KOR,Korea,2021,21170548
LTU,Lithuania,2021,160375
AUS,Australia,2021,8940865
CHE,Switzerland,2022,425827
CHE,Switzerland,2022,1676587
LUX,Luxembourg,2022,653108
DEU,Germany,2021,3458356
MEX,Mexico,2021,11083131
ISR,Israel,2021,594800
NOR,Norway,2021,343224
FRA,France,2021,4049327
EST,Estonia,2021,74086
AUT,Austria,2022,619689
SVK,Slovak Republic,2021,3375200
USA,United States,2021,6422252
GRC,Greece,2021,6168727
PRT,Portugal,2021,754850
ESP,Spain,2021,2528829.466
LVA,Latvia,2021,393191
IRL,Ireland,2021,229177
ITA,Italy,2021,3448061
LUX,Luxembourg,2021,48638
NZL,New Zealand,2021,3326020
NZL,New Zealand,2021,91000
LUX,Luxembourg,2021,38736
ESP,Spain,2021,3127781.294
BEL,Belgium,2021,650841
CRI,Costa Rica,2021,305458.1237
FIN,Finland,2021,297550
CHL,Chile,2021,281009
BEL,Belgium,2022,6764434
BEL,Belgium,2021,560330
COL,Colombia,2021,3931746
FIN,Finland,2021,3116742
COL,Colombia,2021,1726958
FRA,France,2021,3897449
MEX,Mexico,2021,10823411
PRT,Portugal,2021,710240.5
SVN,Slovenia,2021,61550
LTU,Lithuania,2021,1830867
DNK,Denmark,2021,1187645
ISL,Iceland,2021,91981
HUN,Hungary,2021,469265
LVA,Latvia,2021,111858
NZL,New Zealand,2021,150980
NLD,Netherlands,2021,453331
DNK,Denmark,2021,349439
FRA,France,2021,3701279
BEL,Belgium,2021,638848
POL,Poland,2021,7175237
DEU,Germany,2021,4902834
LTU,Lithuania,2021,1195803
SVN,Slovenia,2022,144524
ESP,Spain,2021,28758199.47
CHE,Switzerland,2021,623443
ISL,Iceland,2021,10278
NZL,New Zealand,2021,323460
DNK,Denmark,2021,1287017
PRT,Portugal,2022,426352
CRI,Costa Rica,2021,285770.5432
POL,Poland,2021,2294188
ITA,Italy,2022,14114424
NZL,New Zealand,2021,305160
LTU,Lithuania,2021,214028
CAN,Canada,2021,2428937
HUN,Hungary,2021,461604
PRT,Portugal,2021,4644261.5
CZE,Czechia,2021,2159855
NOR,Norway,2021,3511921
TUR,Türkiye,2021,84147326
LUX,Luxembourg,2022,46765
SVK,Slovak Republic,2021,352070
CHE,Switzerland,2021,1734596
EST,Estonia,2021,65443
PRT,Portugal,2021,498908.5
COL,Colombia,2021,4358856
HUN,Hungary,2021,802057
AUT,Austria,2021,470707
FIN,Finland,2021,342171
FRA,France,2022,4265736
NLD,Netherlands,2021,1028545
NLD,Netherlands,2021,1137483
KOR,Korea,2021,3672722
SVN,Slovenia,2021,75057
NOR,Norway,2021,198851
SVN,Slovenia,2022,96741
ISR,Israel,2021,629500
CAN,Canada,2021,1853367
USA,United States,2021,21571297
CZE,Czechia,2021,6157810
POL,Poland,2021,2784304
IRL,Ireland,2021,317156
FIN,Finland,2021,3417206
COL,Colombia,2022,2307122
ESP,Spain,2022,3754823.199
JPN,Japan,2021,6555619
NOR,Norway,2021,2007578
DNK,Denmark,2021,310710
EST,Estonia,2021,1330932
SVN,Slovenia,2021,132325
ISL,Iceland,2021,247763
CZE,Czechia,2022,4211851
LUX,Luxembourg,2021,51485
HUN,Hungary,2021,1904037
ESP,Spain,2021,3459672.779
AUT,Austria,2021,1733049
AUT,Austria,2021,617009
ISR,Israel,2021,915200
GBR,United Kingdom,2021,4367126
EST,Estonia,2021,67267
DEU,Germany,2022,3879537
NZL,New Zealand,2021,1282110
CAN,Canada,2021,2091774
LVA,Latvia,2021,72481
CHE,Switzerland,2021,649914
BEL,Belgium,2021,679662
USA,United States,2022,20009195
CRI,Costa Rica,2021,374718.127
SWE,Sweden,2021,6473933
ISL,Iceland,2021,22675
CHE,Switzerland,2022,5777057
PRT,Portugal,2021,470413.5
JPN,Japan,2021,60682077
DEU,Germany,2021,83196076
LUX,Luxembourg,2021,36144
SVN,Slovenia,2022,413962
POL,Poland,2022,812745
MEX,Mexico,2021,3657843
JPN,Japan,2021,7869020
EST,Estonia,2021,528912
HUN,Hungary,2021,509689
KOR,Korea,2021,2345904
USA,United States,2021,22207003
LUX,Luxembourg,2021,44314
EST,Estonia,2021,86767
TUR,Türkiye,2022,6376475
JPN,Japan,2021,6712350
GRC,Greece,2021,806178
CAN,Canada,2021,23065697
POL,Poland,2022,2498285
PRT,Portugal,2021,745964.5
FRA,France,2021,3896031
CHL,Chile,2021,844335
CHL,Chile,2021,1167604
SVN,Slovenia,2021,111499
LVA,Latvia,2021,47845
FRA,France,2021,4163462
BEL,Belgium,2021,740170
SWE,Sweden,2021,543367
GBR,United Kingdom,2021,1698442
LTU,Lithuania,2021,195712
TUR,Türkiye,2022,3734294
DNK,Denmark,2021,335993
AUS,Australia,2021,6230257
CAN,Canada,2022,2124972
BEL,Belgium,2022,2586292
FRA,France,2021,14098498
AUT,Austria,2021,435995
CHE,Switzerland,2022,639934
COL,Colombia,2021,3682928
SWE,Sweden,2021,621978
TUR,Türkiye,2021,8099343
CRI,Costa Rica,2021,274999.8154
NLD,Netherlands,2021,1133725
EST,Estonia,2022,92365
CAN,Canada,2021,2662756
TUR,Türkiye,2021,6391136
PRT,Portugal,2021,530673
BEL,Belgium,2021,754023
SVN,Slovenia,2021,152636
CRI,Costa Rica,2021,3199471.856
GRC,Greece,2021,6708840
USA,United States,2022,6485868
SVK,Slovak Republic,2020,262462.5
NZL,New Zealand,2021,331270
AUT,Austria,2021,3726225
PRT,Portugal,2021,559822.5
AUT,Austria,2021,577136
CRI,Costa Rica,2021,1486793.733
ISR,Israel,2021,143200
CHL,Chile,2021,4988470
EST,Estonia,2022,73022
COL,Colombia,2021,4868189
AUT,Austria,2021,614462
GBR,United Kingdom,2021,4640482
TUR,Türkiye,2022,6328417
MEX,Mexico,2021,28044401
HUN,Hungary,2021,596860
COL,Colombia,2021,1259731
CHL,Chile,2021,5864857
CRI,Costa Rica,2021,119581.9649
LVA,Latvia,2021,392658
USA,United States,2021,21459873
AUS,Australia,2021,25688079
HUN,Hungary,2021,779989
POL,Poland,2021,1044988
AUT,Austria,2021,5931030
JPN,Japan,2021,7391383
BEL,Belgium,2021,670738
ESP,Spain,2022,9119603.674
USA,United States,2021,23034989
CZE,Czechia,2021,689904
DNK,Denmark,2022,340964
HUN,Hungary,2021,658511
DEU,Germany,2021,37448383
KOR,Korea,2021,1567531
GBR,United Kingdom,2021,3956096
LUX,Luxembourg,2021,34030
LUX,Luxembourg,2021,33257
IRL,Ireland,2022,1333489
DEU,Germany,2021,4070680
PRT,Portugal,2021,802424.5
LTU,Lithuania,2021,206189
DNK,Denmark,2021,267662
IRL,Ireland,2021,325257
EST,Estonia,2021,97792
JPN,Japan,2021,5357136
DNK,Denmark,2021,2340616
JPN,Japan,2021,9252489
AUT,Austria,2021,702923
NLD,Netherlands,2021,3740642
CAN,Canada,2021,8078650
DNK,Denmark,2021,3715943
NLD,Netherlands,2021,1110513
CHE,Switzerland,2022,616519
LVA,Latvia,2021,1190344
LTU,Lithuania,2021,215303
GBR,United Kingdom,2021,3354034
ISR,Israel,2021,186700
BEL,Belgium,2021,784494
LUX,Luxembourg,2022,226646
JPN,Japan,2021,7353877
ESP,Spain,2021,47331302
ISR,Israel,2021,135700
IRL,Ireland,2021,402140
PRT,Portugal,2021,562600
AUS,Australia,2021,1479632
SVK,Slovak Republic,2021,5441991
CHE,Switzerland,2021,625652
SVK,Slovak Republic,2021,159731
ESP,Spain,2021,2513451.812
POL,Poland,2021,1905991
KOR,Korea,2021,859362
GBR,United Kingdom,2021,4226466
SVK,Slovak Republic,2021,337853
COL,Colombia,2021,3959375
SWE,Sweden,2021,569517
PRT,Portugal,2022,2484783
POL,Poland,2021,1956592
FRA,France,2021,4076416
NOR,Norway,2021,281501
EST,Estonia,2021,76786
IRL,Ireland,2022,302577
COL,Colombia,2021,3341162
GRC,Greece,2021,540113
GRC,Greece,2021,2390508
LTU,Lithuania,2021,180229
MEX,Mexico,2020,10642961
NLD,Netherlands,2021,1063029
JPN,Japan,2021,7823957
FRA,France,2021,16108391
AUS,Australia,2021,1867387
NLD,Netherlands,2021,1284601
EST,Estonia,2021,84565
KOR,Korea,2021,37029895
LTU,Lithuania,2022,201766
KOR,Korea,2021,1157941
MEX,Mexico,2021,86021023
ITA,Italy,2021,27488164
DEU,Germany,2021,3835853
IRL,Ireland,2021,334993
CRI,Costa Rica,2021,1272397.812
DEU,Germany,2021,18354067
FRA,France,2021,4199662
SVK,Slovak Republic,2021,450563
GBR,United Kingdom,2021,2490287
USA,United States,2021,22394192
AUS,Australia,2021,1650035
POL,Poland,2021,2742437
SVK,Slovak Republic,2021,339394
IRL,Ireland,2021,323976
GRC,Greece,2021,4618016
COL,Colombia,2021,3985581
TUR,Türkiye,2021,4669558
EST,Estonia,2021,271394
USA,United States,2021,20847481
CAN,Canada,2021,2693643
LTU,Lithuania,2022,149149
ITA,Italy,2021,37573534
NOR,Norway,2022,3218581
USA,United States,2022,18631422
MEX,Mexico,2022,1158056
CAN,Canada,2021,14815766
CHL,Chile,2021,1225010
NZL,New Zealand,2021,1769020
COL,Colombia,2021,2863567
IRL,Ireland,2021,375662
FIN,Finland,2021,1267486
DEU,Germany,2021,3734279
CHE,Switzerland,2021,558042
ITA,Italy,2021,2598363
NLD,Netherlands,2021,1264526
CRI,Costa Rica,2021,373326.4078
CHL,Chile,2021,1296281
SWE,Sweden,2021,10415812
SVN,Slovenia,2020,150023
SVK,Slovak Republic,2021,291560.5
PRT,Portugal,2021,643102
LUX,Luxembourg,2021,49898
LUX,Luxembourg,2021,93968
LVA,Latvia,2021,65570
SWE,Sweden,2021,538476
COL,Colombia,2021,4093960
KOR,Korea,2021,3278877
POL,Poland,2021,38162224
DEU,Germany,2022,5222866
TUR,Türkiye,2021,2153365
CHE,Switzerland,2021,400632
CHE,Switzerland,2021,442508
HUN,Hungary,2021,482834
LUX,Luxembourg,2021,135291
FIN,Finland,2021,2332723
KOR,Korea,2021,2895582
ISL,Iceland,2021,14444
ISR,Israel,2022,615200
GRC,Greece,2021,692086
DEU,Germany,2021,3325825
USA,United States,2021,18676229
AUT,Austria,2021,224007
ISR,Israel,2021,383000
CZE,Czechia,2021,429376
COL,Colombia,2021,514677
EST,Estonia,2021,841403
SVN,Slovenia,2021,55261
CHE,Switzerland,2021,339826
SWE,Sweden,2022,679483
SVN,Slovenia,2021,161163
NLD,Netherlands,2021,1148079
LTU,Lithuania,2021,546714
SVK,Slovak Republic,2021,255645.5
NZL,New Zealand,2021,382970
CHE,Switzerland,2021,439898
GBR,United Kingdom,2021,3345116
IRL,Ireland,2021,1629344
AUT,Austria,2021,432776
HUN,Hungary,2021,9709893
LVA,Latvia,2021,100758
FIN,Finland,2021,349420
BEL,Belgium,2021,11552615
ISL,Iceland,2022,57334
NOR,Norway,2021,1236263
PRT,Portugal,2022,663298
AUS,Australia,2021,15144043
ISL,Iceland,2022,22829
DEU,Germany,2021,6356168
ISL,Iceland,2021,29443
CZE,Czechia,2021,6652493
ESP,Spain,2022,2254081.237
ITA,Italy,2021,2940341
LTU,Lithuania,2021,129484
NLD,Netherlands,2021,678832
SVN,Slovenia,2021,144104
LVA,Latvia,2022,128082
MEX,Mexico,2021,1778501
ISL,Iceland,2021,25608
CHL,Chile,2021,1416129
LTU,Lithuania,2021,130349
NLD,Netherlands,2021,1120187
PRT,Portugal,2021,436669.5
USA,United States,2021,81499734
POL,Poland,2021,14396777
AUT,Austria,2021,500791
SWE,Sweden,2021,583773
GRC,Greece,2021,444551
HUN,Hungary,2021,370501
AUS,Australia,2021,807195
EST,Estonia,2021,775960
CZE,Czechia,2021,10500850
NZL,New Zealand,2021,312450
NLD,Netherlands,2021,3491494
ITA,Italy,2021,4679549
IRL,Ireland,2021,142770
TUR,Türkiye,2021,25252014
NOR,Norway,2021,117889
POL,Poland,2021,815311
LVA,Latvia,2021,82989
ITA,Italy,2021,3218898
MEX,Mexico,2021,9143294
CZE,Czechia,2021,610438
GBR,United Kingdom,2021,12537031
SVK,Slovak Republic,2021,937069.5
CZE,Czechia,2021,247901
COL,Colombia,2021,51117378
FRA,France,2021,2402793
BEL,Belgium,2021,335415
DNK,Denmark,2021,393749
CHL,Chile,2021,12231194
ISL,Iceland,2021,24964
FRA,France,2021,1826032
GRC,Greece,2021,543897
KOR,Korea,2022,1483112
CHL,Chile,2021,1461105
GBR,United Kingdom,2021,67026292
HUN,Hungary,2021,490334
TUR,Türkiye,2021,5612964
KOR,Korea,2021,34683991
LVA,Latvia,2021,786619
FIN,Finland,2021,300464
CRI,Costa Rica,2021,427652.7423
IRL,Ireland,2021,358010
TUR,Türkiye,2022,3170869
AUT,Austria,2021,693658
MEX,Mexico,2021,10732197
ISL,Iceland,2021,6602
NLD,Netherlands,2021,897223
BEL,Belgium,2021,803310
FRA,France,2021,4270498
AUT,Austria,2022,432016
PRT,Portugal,2021,1896613
NLD,Netherlands,2021,956231
COL,Colombia,2021,2667483
ITA,Italy,2021,2280943
USA,United States,2021,215873991
ITA,Italy,2021,3405047
JPN,Japan,2021,6262945
FIN,Finland,2021,356018
IRL,Ireland,2021,310300
MEX,Mexico,2021,5984670
CHL,Chile,2021,13473999
FIN,Finland,2021,238898
ISL,Iceland,2021,24496
ISR,Israel,2021,1145400
ITA,Italy,2021,2832669
CZE,Czechia,2022,660672
SVN,Slovenia,2021,94478
GRC,Greece,2021,794334
CHL,Chile,2021,430954
HUN,Hungary,2021,517234
AUS,Australia,2021,1611554
HUN,Hungary,2021,567148
ISR,Israel,2021,5605000
USA,United States,2021,9917064
NOR,Norway,2021,348548
ISR,Israel,2021,2390600
LVA,Latvia,2021,96094
NZL,New Zealand,2021,103660
POL,Poland,2021,2509175
SVN,Slovenia,2021,440649
DNK,Denmark,2021,157881
ISL,Iceland,2021,22182
IRL,Ireland,2022,272438
ISL,Iceland,2021,372523
ESP,Spain,2022,1816599
PRT,Portugal,2021,6604818.5
KOR,Korea,2021,3302395
ITA,Italy,2021,2861564
AUT,Austria,2021,5495035
ISR,Israel,2021,566500
LTU,Lithuania,2022,160882
LUX,Luxembourg,2021,444062
FIN,Finland,2021,166755
CAN,Canada,2021,2044619
PRT,Portugal,2022,610664
SVN,Slovenia,2021,885360
NOR,Norway,2021,328166
NOR,Norway,2021,309123
ESP,Spain,2021,2721457.567
TUR,Türkiye,2022,877433
CAN,Canada,2021,1280982
COL,Colombia,2021,15810172
HUN,Hungary,2022,621185
SVN,Slovenia,2021,108389
ISL,Iceland,2021,6339
NZL,New Zealand,2021,337430
DNK,Denmark,2021,340416
DEU,Germany,2021,5906092
NZL,New Zealand,2022,346210
JPN,Japan,2021,36214248
DNK,Denmark,2022,373816
FRA,France,2021,4192992
MEX,Mexico,2021,74944604
USA,United States,2021,15183744
CZE,Czechia,2021,494683
SWE,Sweden,2021,663784
CHL,Chile,2022,1696451
JPN,Japan,2021,20363985
CHL,Chile,2021,1287620
NZL,New Zealand,2021,314170
JPN,Japan,2021,8172701
LVA,Latvia,2021,94904
CHE,Switzerland,2021,5324453
KOR,Korea,2021,8571347
LVA,Latvia,2021,104634
NZL,New Zealand,2021,219040
MEX,Mexico,2021,7056428
POL,Poland,2022,24709700
AUS,Australia,2021,16623675
ITA,Italy,2022,2492066
FRA,France,2021,4207748
LUX,Luxembourg,2021,28724
SWE,Sweden,2022,5922986
LVA,Latvia,2021,134656
MEX,Mexico,2021,4868182
CRI,Costa Rica,2022,5213373.671
FRA,France,2021,4426095
NOR,Norway,2021,281859
CHL,Chile,2021,2458699
DNK,Denmark,2021,320427
NZL,New Zealand,2021,817460
NOR,Norway,2021,317473
JPN,Japan,2022,6412065
NOR,Norway,2021,368365
COL,Colombia,2021,517630
DNK,Denmark,2021,299898
CAN,Canada,2021,25122879
CZE,Czechia,2021,847510
FRA,France,2021,67738863
LTU,Lithuania,2021,72607
LUX,Luxembourg,2022,23726
CRI,Costa Rica,2021,79979.50231
CHL,Chile,2021,287061
FIN,Finland,2021,5541020
LVA,Latvia,2021,129296
FIN,Finland,2022,347102
KOR,Korea,2021,3941302
GBR,United Kingdom,2021,25707465
SVK,Slovak Republic,2022,2006891
NOR,Norway,2021,376286
AUS,Australia,2021,1822031
HUN,Hungary,2021,627660
SVN,Slovenia,2022,111809
BEL,Belgium,2021,760176
COL,Colombia,2021,849193
EST,Estonia,2021,43458
DNK,Denmark,2021,5850189
NLD,Netherlands,2021,1038769
HUN,Hungary,2021,1983505
GRC,Greece,2021,10569211
DEU,Germany,2021,2565690
BEL,Belgium,2021,310236
MEX,Mexico,2021,10135121
DNK,Denmark,2021,402458
ESP,Spain,2021,19669795.03
TUR,Türkiye,2021,57025881
USA,United States,2021,119619636
SWE,Sweden,2021,666034
USA,United States,2021,21083156
CHL,Chile,2021,1013544
DEU,Germany,2021,49457767
SWE,Sweden,2021,636560
EST,Estonia,2021,283578
CHL,Chile,2021,1242805
DEU,Germany,2021,4950131
AUS,Australia,2021,4313779
MEX,Mexico,2022,43732381
USA,United States,2022,22705779
BEL,Belgium,2021,2249220
CZE,Czechia,2021,587121
CHE,Switzerland,2022,469799
LTU,Lithuania,2021,1701383
ISL,Iceland,2021,23802
IRL,Ireland,2021,302553
ITA,Italy,2021,4651185
KOR,Korea,2021,4210888
AUT,Austria,2021,331200
SWE,Sweden,2021,578840
ISL,Iceland,2021,21689
TUR,Türkiye,2022,6688144
NZL,New Zealand,2021,297310
USA,United States,2021,56229126
ISR,Israel,2021,4865900
ESP,Spain,2021,2268873.233
ISR,Israel,2021,681400
LTU,Lithuania,2022,565847
USA,United States,2021,19747890
CHE,Switzerland,2021,598622
JPN,Japan,2021,6398380
MEX,Mexico,2021,10041442
ISL,Iceland,2021,20910
CHE,Switzerland,2022,554174
ITA,Italy,2021,2211228
BEL,Belgium,2021,744597
AUS,Australia,2021,1623892
KOR,Korea,2021,4423203
LTU,Lithuania,2021,85830
IRL,Ireland,2021,3273631
LUX,Luxembourg,2021,16786
ITA,Italy,2021,4812457
DNK,Denmark,2020,322028
DNK,Denmark,2022,301309
IRL,Ireland,2020,720141
IRL,Ireland,2022,768914
ITA,Italy,2020,2240524
ITA,Italy,2022,2112152
CRI,Costa Rica,2021,449042.0459
CRI,Costa Rica,2020,454188.059
IRL,Ireland,2021,364417
IRL,Ireland,2020,358507
POL,Poland,2020,2457738
POL,Poland,2022,2225443
MEX,Mexico,2020,948937
MEX,Mexico,2022,1007888
ESP,Spain,2021,2521239.532
ESP,Spain,2020,2460127
NOR,Norway,2020,339626
NOR,Norway,2022,334439
NLD,Netherlands,2020,11297540
NLD,Netherlands,2022,11419744
AUT,Austria,2020,1718997
AUT,Austria,2022,1751019
SVN,Slovenia,2021,137282
SVN,Slovenia,2020,135564
DNK,Denmark,2021,311905
IRL,Ireland,2021,742273
ITA,Italy,2021,2179673
CRI,Costa Rica,2022,448591.2107
IRL,Ireland,2022,371310
POL,Poland,2021,2348271
MEX,Mexico,2021,977771
ESP,Spain,2022,2594208.412
NOR,Norway,2021,336667
NLD,Netherlands,2021,11329457
AUT,Austria,2021,1723436
SVN,Slovenia,2022,138724
