REF_AREA,Reference area,Health function,Price base,TIME_PERIOD,OBS_VALUE,OBS_VALUE_LOG
AUS,Australia,COVID-19 related costs for vaccination,Constant prices,2020,569.928,6.347263107134493
AUS,Australia,COVID-19 related costs for medical goods,Constant prices,2020,1532.857,7.335540757242932
AUS,Australia,COVID-19 related treatment costs,Constant prices,2020,4034.296,8.302834936129955
AUS,Australia,COVID-19 related investment costs,Constant prices,2020,351.26,5.86436953930415
AUT,Austria,COVID-19 related costs for medical goods,Constant prices,2020,143.744,4.974966664816796
AUT,Austria,COVID-19 related treatment costs,Constant prices,2020,28.822,3.3952463761687155
AUT,Austria,COVID-19 related costs for vaccination,Constant prices,2020,1.019,0.7026023393307005
BEL,Belgium,COVID-19 related costs for medical goods,Constant prices,2020,2267.476,7.726863519369852
BEL,Belgium,COVID-19 related treatment costs,Constant prices,2020,619.196,6.430035557113142
BGR,Bulgaria,COVID-19 related treatment costs,Constant prices,2020,656.36,6.488231813622932
BGR,Bulgaria,COVID-19 related costs for medical goods,Constant prices,2020,36.876,3.6343176661212535
CAN,Canada,COVID-19 related treatment costs,Constant prices,2020,6986.224,8.851838617577698
CAN,Canada,COVID-19 related costs for vaccination,Constant prices,2020,6319.731,8.751590145009237
CAN,Canada,COVID-19 related costs for medical goods,Constant prices,2020,7156.238,8.87587943134246
CHL,Chile,COVID-19 related costs for vaccination,Constant prices,2020,42.347,3.769237496679584
CHL,Chile,COVID-19 related investment costs,Constant prices,2020,237.174,5.473001498990558
CHL,Chile,COVID-19 related costs for medical goods,Constant prices,2020,916.222,6.821349536740572
COL,Colombia,COVID-19 related costs for medical goods,Constant prices,2020,195.387,5.280087202283586
CRI,Costa Rica,COVID-19 related treatment costs,Constant prices,2020,299.659,5.705976732178059
CYP,Cyprus,COVID-19 related costs for vaccination,Constant prices,2020,1.902,1.0654001544619962
CYP,Cyprus,COVID-19 related treatment costs,Constant prices,2020,1.953,1.0828216027617856
CYP,Cyprus,COVID-19 related investment costs,Constant prices,2020,0.262,0.23269776411902143
CYP,Cyprus,COVID-19 related costs for medical goods,Constant prices,2020,6.707,2.0421290067958564
CZE,Czechia,COVID-19 related investment costs,Constant prices,2020,25.572,3.2798580298029947
CZE,Czechia,COVID-19 related costs for vaccination,Constant prices,2020,0.199,0.18148787604537725
CZE,Czechia,COVID-19 related treatment costs,Constant prices,2020,2507.094,7.8272783811142475
CZE,Czechia,COVID-19 related costs for medical goods,Constant prices,2020,550.471,6.312589253448784
DEU,Germany,COVID-19 related costs for medical goods,Constant prices,2020,2238.946,7.714207037415647
DEU,Germany,COVID-19 related costs for vaccination,Constant prices,2020,3.588,1.5234441992671244
DEU,Germany,COVID-19 related investment costs,Constant prices,2020,883.858,6.7854271801567325
DEU,Germany,COVID-19 related treatment costs,Constant prices,2020,1112.297,7.015081162039573
DNK,Denmark,COVID-19 related treatment costs,Constant prices,2020,68.869,4.2466220601676765
DNK,Denmark,COVID-19 related costs for medical goods,Constant prices,2020,202.494,5.315636520418503
DNK,Denmark,COVID-19 related costs for vaccination,Constant prices,2020,14.492,2.740323761652506
ESP,Spain,COVID-19 related costs for medical goods,Constant prices,2020,13.645,2.6840989802796966
ESP,Spain,COVID-19 related treatment costs,Constant prices,2020,10023.971,9.212834359402507
ESP,Spain,COVID-19 related costs for vaccination,Constant prices,2020,6.799,2.053995520348361
ESP,Spain,COVID-19 related investment costs,Constant prices,2020,1335.406,7.197739200146273
EST,Estonia,COVID-19 related treatment costs,Constant prices,2020,11.675,2.539631549477247
EST,Estonia,COVID-19 related investment costs,Constant prices,2020,4.178,1.6444188813293459
EST,Estonia,COVID-19 related costs for vaccination,Constant prices,2020,0.198,0.18065349969325756
EST,Estonia,COVID-19 related costs for medical goods,Constant prices,2020,54.102,4.009186013140779
FIN,Finland,COVID-19 related investment costs,Constant prices,2020,27.519,3.350570531817765
FIN,Finland,COVID-19 related costs for vaccination,Constant prices,2020,0.207,0.1881379421153945
FIN,Finland,COVID-19 related treatment costs,Constant prices,2020,48.515,3.902275653973266
FIN,Finland,COVID-19 related costs for medical goods,Constant prices,2020,20.554,3.07056141417464
FRA,France,COVID-19 related treatment costs,Constant prices,2020,4766.794,8.46963900311385
FRA,France,COVID-19 related costs for medical goods,Constant prices,2020,2898.094,7.972153553370107
GBR,United Kingdom,COVID-19 related costs for vaccination,Constant prices,2020,83.092,4.43191143760288
HRV,Croatia,COVID-19 related treatment costs,Constant prices,2020,279.7,5.637286483367837
HRV,Croatia,COVID-19 related costs for medical goods,Constant prices,2020,9.804,2.3799164359303693
ISL,Iceland,COVID-19 related investment costs,Constant prices,2020,5.171,1.8198608993389298
ISL,Iceland,COVID-19 related treatment costs,Constant prices,2020,30.259,3.4423073347183712
ISL,Iceland,COVID-19 related costs for medical goods,Constant prices,2020,7.773,2.1716788231462467
ISR,Israel,COVID-19 related investment costs,Constant prices,2020,623.63,6.437159474435212
ISR,Israel,COVID-19 related costs for medical goods,Constant prices,2020,270.011,5.602159410461836
ISR,Israel,COVID-19 related costs for vaccination,Constant prices,2020,157.621,5.0665177090105376
ISR,Israel,COVID-19 related treatment costs,Constant prices,2020,790.846,6.6743669284632094
JPN,Japan,COVID-19 related costs for medical goods,Constant prices,2020,55.814,4.039782774229418
JPN,Japan,COVID-19 related investment costs,Constant prices,2020,303.239,5.717813576735822
JPN,Japan,COVID-19 related treatment costs,Constant prices,2020,1196.217,7.08775497567726
JPN,Japan,COVID-19 related costs for vaccination,Constant prices,2020,462.926,6.139725056748907
KOR,Korea,COVID-19 related treatment costs,Constant prices,2020,378.726,5.939449940005374
KOR,Korea,COVID-19 related investment costs,Constant prices,2020,102.298,4.637618014853944
KOR,Korea,COVID-19 related costs for medical goods,Constant prices,2020,873.635,6.773806656472187
LTU,Lithuania,COVID-19 related costs for medical goods,Constant prices,2020,114.763,4.751544997675053
LTU,Lithuania,COVID-19 related treatment costs,Constant prices,2020,5.046,1.7993968963572664
LTU,Lithuania,COVID-19 related costs for vaccination,Constant prices,2020,1.961,1.0855270491194544
LUX,Luxembourg,COVID-19 related costs for medical goods,Constant prices,2020,25.448,3.2751805410786683
LUX,Luxembourg,COVID-19 related treatment costs,Constant prices,2020,61.683,4.138090278499451
LUX,Luxembourg,COVID-19 related costs for vaccination,Constant prices,2020,0.152,0.14149956227369942
LVA,Latvia,COVID-19 related treatment costs,Constant prices,2020,39.625,3.7043836406499016
LVA,Latvia,COVID-19 related costs for medical goods,Constant prices,2020,7.401,2.12835074638271
LVA,Latvia,COVID-19 related costs for vaccination,Constant prices,2020,0.172,0.1587116911548208
MLT,Malta,COVID-19 related costs for medical goods,Constant prices,2020,53.11,3.991019011654644
MLT,Malta,COVID-19 related treatment costs,Constant prices,2020,6.874,2.0635661925215456
MLT,Malta,COVID-19 related costs for vaccination,Constant prices,2020,4.112,1.6315907170752337
NLD,Netherlands,COVID-19 related investment costs,Constant prices,2020,763.281,6.638935522591416
NLD,Netherlands,COVID-19 related treatment costs,Constant prices,2020,4245.819,8.353925511086272
NLD,Netherlands,COVID-19 related costs for medical goods,Constant prices,2020,314.545,5.754301302555319
AUS,Australia,COVID-19 related investment costs,Current prices,2020,374.5,5.928258471204189
AUS,Australia,COVID-19 related treatment costs,Current prices,2020,4301.211,8.366884355579817
AUS,Australia,COVID-19 related costs for vaccination,Current prices,2020,607.635,6.4112187448464235
AUS,Australia,COVID-19 related costs for medical goods,Current prices,2020,1634.273,7.399565041870066
AUT,Austria,COVID-19 related costs for medical goods,Current prices,2020,170.757,5.146080687186037
AUT,Austria,COVID-19 related treatment costs,Current prices,2020,34.238,3.5621250457684375
AUT,Austria,COVID-19 related costs for vaccination,Current prices,2020,1.21,0.7929925155296614
BEL,Belgium,COVID-19 related treatment costs,Current prices,2020,737.12,6.604106413008277
BEL,Belgium,COVID-19 related costs for medical goods,Current prices,2020,2699.311,7.901122230544302
BGR,Bulgaria,COVID-19 related costs for medical goods,Current prices,2020,40.944,3.7363353952702316
BGR,Bulgaria,COVID-19 related treatment costs,Current prices,2020,728.774,6.592734897168761
CAN,Canada,COVID-19 related costs for vaccination,Current prices,2020,7149.63,8.87495574369454
CAN,Canada,COVID-19 related costs for medical goods,Current prices,2020,8095.986,8.999247172649174
CAN,Canada,COVID-19 related treatment costs,Current prices,2020,7903.645,8.97520584034927
CHL,Chile,COVID-19 related costs for vaccination,Current prices,2020,50.373,3.939112742618239
CHL,Chile,COVID-19 related investment costs,Current prices,2020,282.122,5.64587790015467
CHL,Chile,COVID-19 related costs for medical goods,Current prices,2020,1089.858,6.994719821541719
COL,Colombia,COVID-19 related costs for medical goods,Current prices,2020,230.529,5.444705135659062
CRI,Costa Rica,COVID-19 related treatment costs,Current prices,2020,321.062,5.774744073593545
CYP,Cyprus,COVID-19 related costs for vaccination,Current prices,2020,2.173,1.1546775126010584
CYP,Cyprus,COVID-19 related costs for medical goods,Current prices,2020,7.664,2.1591765096986895
CYP,Cyprus,COVID-19 related investment costs,Current prices,2020,0.3,0.26236426446749106
CYP,Cyprus,COVID-19 related treatment costs,Current prices,2020,2.232,1.173101140658849
CZE,Czechia,COVID-19 related investment costs,Current prices,2020,30.314,3.444065281889331
CZE,Czechia,COVID-19 related treatment costs,Current prices,2020,2971.935,7.997304959321484
CZE,Czechia,COVID-19 related costs for medical goods,Current prices,2020,652.534,6.482394559254884
CZE,Czechia,COVID-19 related costs for vaccination,Current prices,2020,0.236,0.211880359035499
DEU,Germany,COVID-19 related treatment costs,Current prices,2020,1324.254,7.189359418161795
DEU,Germany,COVID-19 related costs for vaccination,Current prices,2020,4.272,1.662409797200206
DEU,Germany,COVID-19 related investment costs,Current prices,2020,1052.284,6.959668181372996
DEU,Germany,COVID-19 related costs for medical goods,Current prices,2020,2665.596,7.888558031642732
DNK,Denmark,COVID-19 related costs for vaccination,Current prices,2020,17.244,2.903836258849454
DNK,Denmark,COVID-19 related costs for medical goods,Current prices,2020,240.946,5.488714560761274
DNK,Denmark,COVID-19 related treatment costs,Current prices,2020,81.946,4.4181897936533705
ESP,Spain,COVID-19 related treatment costs,Current prices,2020,11445.064,9.345401194426419
ESP,Spain,COVID-19 related investment costs,Current prices,2020,1524.726,7.330225641332019
ESP,Spain,COVID-19 related costs for medical goods,Current prices,2020,15.579,2.8081368342573283
ESP,Spain,COVID-19 related costs for vaccination,Current prices,2020,7.763,2.1705383120737136
EST,Estonia,COVID-19 related costs for medical goods,Current prices,2020,61.933,4.142070668419094
EST,Estonia,COVID-19 related investment costs,Current prices,2020,4.783,1.7549225791760812
EST,Estonia,COVID-19 related costs for vaccination,Current prices,2020,0.226,0.20375683751401963
EST,Estonia,COVID-19 related treatment costs,Current prices,2020,13.365,2.664794692431253
FIN,Finland,COVID-19 related costs for vaccination,Current prices,2020,0.241,0.21591750622247025
FIN,Finland,COVID-19 related investment costs,Current prices,2020,32.074,3.4987474752280048
FIN,Finland,COVID-19 related costs for medical goods,Current prices,2020,23.956,3.21711427424854
FIN,Finland,COVID-19 related treatment costs,Current prices,2020,56.545,4.052567250420455
FRA,France,COVID-19 related costs for medical goods,Current prices,2020,3519.992,8.166498047070677
FRA,France,COVID-19 related treatment costs,Current prices,2020,5789.693,8.66400725252404
GBR,United Kingdom,COVID-19 related costs for vaccination,Current prices,2020,100.654,4.621574890013369
HRV,Croatia,COVID-19 related costs for medical goods,Current prices,2020,11.305,2.510005683843019
HRV,Croatia,COVID-19 related treatment costs,Current prices,2020,322.517,5.779251662792079
ISL,Iceland,COVID-19 related investment costs,Current prices,2020,5.868,1.9268729430352292
ISL,Iceland,COVID-19 related treatment costs,Current prices,2020,34.337,3.5649305736447574
ISL,Iceland,COVID-19 related costs for medical goods,Current prices,2020,8.82,2.2844211223663744
ISR,Israel,COVID-19 related costs for vaccination,Current prices,2020,175.001,5.170489676840192
ISR,Israel,COVID-19 related investment costs,Current prices,2020,692.395,6.541599822379814
ISR,Israel,COVID-19 related costs for medical goods,Current prices,2020,299.784,5.706392399171605
ISR,Israel,COVID-19 related treatment costs,Current prices,2020,878.048,6.778839503702773
JPN,Japan,COVID-19 related investment costs,Current prices,2020,306.626,5.72888475941703
JPN,Japan,COVID-19 related costs for medical goods,Current prices,2020,56.438,4.050706105192271
JPN,Japan,COVID-19 related costs for vaccination,Current prices,2020,468.097,6.150809570089064
JPN,Japan,COVID-19 related treatment costs,Current prices,2020,1209.578,7.098853210485586
KOR,Korea,COVID-19 related investment costs,Current prices,2020,107.641,4.688048868480836
KOR,Korea,COVID-19 related treatment costs,Current prices,2020,398.506,5.990228783867016
KOR,Korea,COVID-19 related costs for medical goods,Current prices,2020,919.263,6.824659498755385
LTU,Lithuania,COVID-19 related treatment costs,Current prices,2020,5.968,1.9413282395502016
LTU,Lithuania,COVID-19 related costs for medical goods,Current prices,2020,135.74,4.918081312485648
LTU,Lithuania,COVID-19 related costs for vaccination,Current prices,2020,2.32,1.199964782928397
LUX,Luxembourg,COVID-19 related costs for vaccination,Current prices,2020,0.17,0.1570037488096647
LUX,Luxembourg,COVID-19 related costs for medical goods,Current prices,2020,28.377,3.38021205525302
LUX,Luxembourg,COVID-19 related treatment costs,Current prices,2020,68.783,4.24539042709588
LVA,Latvia,COVID-19 related costs for vaccination,Current prices,2020,0.202,0.1839868361130158
LVA,Latvia,COVID-19 related treatment costs,Current prices,2020,46.543,3.861634564694918
LVA,Latvia,COVID-19 related costs for medical goods,Current prices,2020,8.694,2.2715071374231846
MLT,Malta,COVID-19 related costs for vaccination,Current prices,2020,4.633,1.728642159912577
MLT,Malta,COVID-19 related costs for medical goods,Current prices,2020,59.848,4.1083789511859035
MLT,Malta,COVID-19 related treatment costs,Current prices,2020,7.746,2.168596452990729
NLD,Netherlands,COVID-19 related investment costs,Current prices,2020,903.853,6.807772499567366
NLD,Netherlands,COVID-19 related treatment costs,Current prices,2020,5027.764,8.522929507252169
NLD,Netherlands,COVID-19 related costs for medical goods,Current prices,2020,372.474,5.9228483903694045
AUS,Australia,COVID-19 related costs for vaccination,Constant prices,2021,3395.738,8.130570838309497
AUS,Australia,COVID-19 related costs for medical goods,Constant prices,2021,1463.371,7.289181077717569
AUS,Australia,COVID-19 related treatment costs,Constant prices,2021,4898.546,8.496897826744933
AUS,Australia,COVID-19 related investment costs,Constant prices,2021,279.29,5.635824781472974
AUT,Austria,COVID-19 related costs for medical goods,Constant prices,2021,212.944,5.365714298534089
AUT,Austria,COVID-19 related treatment costs,Constant prices,2021,84.609,4.44979041780777
AUT,Austria,COVID-19 related costs for vaccination,Constant prices,2021,638.85,6.461233773883605
BEL,Belgium,COVID-19 related costs for vaccination,Constant prices,2021,540.997,6.295260466368977
BEL,Belgium,COVID-19 related costs for medical goods,Constant prices,2021,1108.178,7.0113744794302475
BEL,Belgium,COVID-19 related treatment costs,Constant prices,2021,831.955,6.7249796190989795
BGR,Bulgaria,COVID-19 related costs for vaccination,Constant prices,2021,154.831,5.048772086686499
BGR,Bulgaria,COVID-19 related investment costs,Constant prices,2021,39.884,3.7107387884668297
BGR,Bulgaria,COVID-19 related treatment costs,Constant prices,2021,1560.446,7.353367593992592
BGR,Bulgaria,COVID-19 related costs for medical goods,Constant prices,2021,55.861,4.04060969312413
CAN,Canada,COVID-19 related treatment costs,Constant prices,2021,8862.774,9.089727912272135
CAN,Canada,COVID-19 related costs for vaccination,Constant prices,2021,3613.526,8.192716005663893
CAN,Canada,COVID-19 related costs for medical goods,Constant prices,2021,2046.529,7.624388979241085
CHL,Chile,COVID-19 related investment costs,Constant prices,2021,107.209,4.6840645422507725
CHL,Chile,COVID-19 related costs for medical goods,Constant prices,2021,1226.64,7.112848906118289
COL,Colombia,COVID-19 related costs for vaccination,Constant prices,2021,2574.006,7.853607143192209
COL,Colombia,COVID-19 related treatment costs,Constant prices,2021,1159.806,7.05686987040569
CRI,Costa Rica,COVID-19 related costs for vaccination,Constant prices,2021,85.288,4.457690538594871
CRI,Costa Rica,COVID-19 related treatment costs,Constant prices,2021,755.885,6.62921132644138
CRI,Costa Rica,COVID-19 related costs for medical goods,Constant prices,2021,0.068,0.06578774053800315
CRI,Costa Rica,COVID-19 related investment costs,Constant prices,2021,10.925,2.478637036774405
CYP,Cyprus,COVID-19 related investment costs,Constant prices,2021,0.083,0.07973496801885352
CYP,Cyprus,COVID-19 related costs for vaccination,Constant prices,2021,35.533,3.5982159617165896
CYP,Cyprus,COVID-19 related treatment costs,Constant prices,2021,21.135,3.0971600661841046
CYP,Cyprus,COVID-19 related costs for medical goods,Constant prices,2021,0.648,0.49956243148728
CZE,Czechia,COVID-19 related investment costs,Constant prices,2021,5.511,1.873493054254725
CZE,Czechia,COVID-19 related costs for vaccination,Constant prices,2021,806.403,6.693822924042356
CZE,Czechia,COVID-19 related treatment costs,Constant prices,2021,1654.26,7.411713375170184
CZE,Czechia,COVID-19 related costs for medical goods,Constant prices,2021,0.011,0.010939940038334263
DEU,Germany,COVID-19 related costs for medical goods,Constant prices,2021,3968.391,8.286367961410397
DEU,Germany,COVID-19 related costs for vaccination,Constant prices,2021,8114.523,9.001533926424036
DEU,Germany,COVID-19 related investment costs,Constant prices,2021,515.798,6.2476520824918635
DEU,Germany,COVID-19 related treatment costs,Constant prices,2021,1089.681,6.994557550777466
DNK,Denmark,COVID-19 related treatment costs,Constant prices,2021,111.397,4.7220372467119365
DNK,Denmark,COVID-19 related costs for medical goods,Constant prices,2021,150.173,5.0184248763710855
DNK,Denmark,COVID-19 related costs for vaccination,Constant prices,2021,458.57,6.130291269692714
ESP,Spain,COVID-19 related costs for medical goods,Constant prices,2021,5.561,1.8811430303627406
ESP,Spain,COVID-19 related treatment costs,Constant prices,2021,8883.402,9.092052433878012
ESP,Spain,COVID-19 related costs for vaccination,Constant prices,2021,1881.228,7.5402114605227295
ESP,Spain,COVID-19 related investment costs,Constant prices,2021,317.603,5.763945813627473
EST,Estonia,COVID-19 related treatment costs,Constant prices,2021,88.059,4.489299071445159
EST,Estonia,COVID-19 related investment costs,Constant prices,2021,4.684,1.7376552102348541
EST,Estonia,COVID-19 related costs for vaccination,Constant prices,2021,65.202,4.1927106739669675
EST,Estonia,COVID-19 related costs for medical goods,Constant prices,2021,70.954,4.276027025950691
FRA,France,COVID-19 related treatment costs,Constant prices,2021,4145.495,8.330018678054284
FRA,France,COVID-19 related costs for vaccination,Constant prices,2021,2115.219,7.657386284787189
FRA,France,COVID-19 related costs for medical goods,Constant prices,2021,851.115,6.747721494246625
GBR,United Kingdom,COVID-19 related costs for vaccination,Constant prices,2021,7484.124,8.920672863182773
GBR,United Kingdom,COVID-19 related costs for medical goods,Constant prices,2021,422.999,6.04973109673861
GRC,Greece,COVID-19 related costs for vaccination,Constant prices,2021,517.238,6.250434596199765
HRV,Croatia,COVID-19 related treatment costs,Constant prices,2021,375.975,5.93217887225186
HRV,Croatia,COVID-19 related costs for vaccination,Constant prices,2021,162.309,5.095644111746164
HRV,Croatia,COVID-19 related costs for medical goods,Constant prices,2021,7.039,2.0843046973458237
HUN,Hungary,COVID-19 related costs for vaccination,Constant prices,2021,975.113,6.883578358399782
IRL,Ireland,COVID-19 related costs for vaccination,Constant prices,2021,482.266,6.180567226697096
ISL,Iceland,COVID-19 related investment costs,Constant prices,2021,2.359,1.2116433106301556
ISL,Iceland,COVID-19 related treatment costs,Constant prices,2021,39.712,3.7065228892865316
ISL,Iceland,COVID-19 related costs for vaccination,Constant prices,2021,12.717,2.61863593949627
ISR,Israel,COVID-19 related investment costs,Constant prices,2021,290.201,5.674013750382569
ISR,Israel,COVID-19 related costs for medical goods,Constant prices,2021,55.104,4.02720711123461
ISR,Israel,COVID-19 related costs for vaccination,Constant prices,2021,801.045,6.687164716018108
ISR,Israel,COVID-19 related treatment costs,Constant prices,2021,678.641,6.5215647175836695
KOR,Korea,COVID-19 related treatment costs,Constant prices,2021,1797.445,7.494677681628314
KOR,Korea,COVID-19 related costs for vaccination,Constant prices,2021,6494.063,8.77879762882671
KOR,Korea,COVID-19 related investment costs,Constant prices,2021,75.559,4.338061685408402
KOR,Korea,COVID-19 related costs for medical goods,Constant prices,2021,548.275,6.308599226842434
LTU,Lithuania,COVID-19 related costs for medical goods,Constant prices,2021,19.619,3.026212980807578
LTU,Lithuania,COVID-19 related costs for vaccination,Constant prices,2021,72.894,4.302631633859629
LUX,Luxembourg,COVID-19 related costs for medical goods,Constant prices,2021,28.522,3.3851357481148048
LUX,Luxembourg,COVID-19 related treatment costs,Constant prices,2021,76.372,4.348624958039851
LUX,Luxembourg,COVID-19 related investment costs,Constant prices,2021,16.751,2.876441852362667
LUX,Luxembourg,COVID-19 related costs for vaccination,Constant prices,2021,64.935,4.1886694082596625
LVA,Latvia,COVID-19 related treatment costs,Constant prices,2021,479.457,6.174737734291404
LVA,Latvia,COVID-19 related costs for medical goods,Constant prices,2021,17.952,2.9419094668564845
LVA,Latvia,COVID-19 related costs for vaccination,Constant prices,2021,121.244,4.80601904739593
NLD,Netherlands,COVID-19 related costs for vaccination,Constant prices,2021,1827.028,7.510993069183439
NLD,Netherlands,COVID-19 related treatment costs,Constant prices,2021,1907.234,7.553933485997811
NLD,Netherlands,COVID-19 related costs for medical goods,Constant prices,2021,702.062,6.5554450813784655
NOR,Norway,COVID-19 related costs for vaccination,Constant prices,2021,183.946,5.220063890577703
ROU,Romania,COVID-19 related costs for vaccination,Constant prices,2021,677.9,6.520473841307601
SWE,Sweden,COVID-19 related costs for vaccination,Constant prices,2021,253.314,5.538569723999614
AUS,Australia,COVID-19 related investment costs,Current prices,2021,309.18,5.737152774131307
AUS,Australia,COVID-19 related treatment costs,Current prices,2021,5422.792,8.598550480802329
AUS,Australia,COVID-19 related costs for vaccination,Current prices,2021,3759.152,8.232214661098766
AUS,Australia,COVID-19 related costs for medical goods,Current prices,2021,1619.982,7.390787417417392
AUT,Austria,COVID-19 related costs for medical goods,Current prices,2021,269.278,5.599451058922986
AUT,Austria,COVID-19 related treatment costs,Current prices,2021,106.992,4.682057150306526
AUT,Austria,COVID-19 related costs for vaccination,Current prices,2021,807.856,6.69562090368724
BEL,Belgium,COVID-19 related treatment costs,Current prices,2021,1034.783,6.942912941420272
BEL,Belgium,COVID-19 related costs for medical goods,Current prices,2021,1378.349,7.229366927716907
BEL,Belgium,COVID-19 related costs for vaccination,Current prices,2021,672.891,6.513068376765796
BGR,Bulgaria,COVID-19 related treatment costs,Current prices,2021,1855.889,7.526657785737423
BGR,Bulgaria,COVID-19 related costs for vaccination,Current prices,2021,184.146,5.221144703021469
BGR,Bulgaria,COVID-19 related investment costs,Current prices,2021,47.435,3.8802226928783483
BGR,Bulgaria,COVID-19 related costs for medical goods,Current prices,2021,66.437,4.211193828718393
CAN,Canada,COVID-19 related costs for medical goods,Current prices,2021,2422.267,7.792871908720027
CAN,Canada,COVID-19 related treatment costs,Current prices,2021,10489.958,9.258269022291959
CAN,Canada,COVID-19 related costs for vaccination,Current prices,2021,4276.96,8.36123153943501
CHL,Chile,COVID-19 related costs for medical goods,Current prices,2021,1440.865,7.273692693490011
CHL,Chile,COVID-19 related investment costs,Current prices,2021,125.933,4.843659388195232
COL,Colombia,COVID-19 related costs for vaccination,Current prices,2021,3119.903,8.045877662005672
COL,Colombia,COVID-19 related treatment costs,Current prices,2021,1405.778,7.249057262149427
CRI,Costa Rica,COVID-19 related costs for medical goods,Current prices,2021,0.075,0.07232066157962608
CRI,Costa Rica,COVID-19 related treatment costs,Current prices,2021,843.101,6.738272155682729
CRI,Costa Rica,COVID-19 related investment costs,Current prices,2021,12.186,2.5791556606911077
CRI,Costa Rica,COVID-19 related costs for vaccination,Current prices,2021,95.129,4.565691039443778
CYP,Cyprus,COVID-19 related costs for vaccination,Current prices,2021,42.156,3.7648214576890937
CYP,Cyprus,COVID-19 related costs for medical goods,Current prices,2021,0.768,0.5698489642154517
CYP,Cyprus,COVID-19 related investment costs,Current prices,2021,0.099,0.0944006754214843
CYP,Cyprus,COVID-19 related treatment costs,Current prices,2021,25.074,3.260938649240587
CZE,Czechia,COVID-19 related investment costs,Current prices,2021,6.928,2.0704007970276868
CZE,Czechia,COVID-19 related treatment costs,Current prices,2021,2079.74,7.640478878655266
CZE,Czechia,COVID-19 related costs for medical goods,Current prices,2021,0.014,0.013902905168991434
CZE,Czechia,COVID-19 related costs for vaccination,Current prices,2021,1013.812,6.922458652645358
DEU,Germany,COVID-19 related treatment costs,Current prices,2021,1347.055,7.20641809182685
DEU,Germany,COVID-19 related costs for vaccination,Current prices,2021,10031.105,9.213545729325105
DEU,Germany,COVID-19 related investment costs,Current prices,2021,637.625,6.459317427650962
DEU,Germany,COVID-19 related costs for medical goods,Current prices,2021,4905.691,8.498355062841592
DNK,Denmark,COVID-19 related costs for vaccination,Current prices,2021,569.977,6.347348928634583
DNK,Denmark,COVID-19 related costs for medical goods,Current prices,2021,186.657,5.234615828375813
DNK,Denmark,COVID-19 related treatment costs,Current prices,2021,138.461,4.937784992281999
ESP,Spain,COVID-19 related treatment costs,Current prices,2021,10716.355,9.27961966910606
ESP,Spain,COVID-19 related investment costs,Current prices,2021,383.135,5.950994053304111
ESP,Spain,COVID-19 related costs for medical goods,Current prices,2021,6.709,2.0423884774771253
ESP,Spain,COVID-19 related costs for vaccination,Current prices,2021,2269.39,7.72770690188586
EST,Estonia,COVID-19 related costs for medical goods,Current prices,2021,82.894,4.42955409720914
EST,Estonia,COVID-19 related investment costs,Current prices,2021,5.473,1.8676396795633732
EST,Estonia,COVID-19 related costs for vaccination,Current prices,2021,76.174,4.346062612740295
EST,Estonia,COVID-19 related treatment costs,Current prices,2021,102.877,4.643207506901208
FRA,France,COVID-19 related costs for medical goods,Current prices,2021,1066.794,6.9733501170205185
FRA,France,COVID-19 related treatment costs,Current prices,2021,5195.996,8.555836045333333
FRA,France,COVID-19 related costs for vaccination,Current prices,2021,2651.233,7.883157205666657
GBR,United Kingdom,COVID-19 related costs for vaccination,Current prices,2021,9160.447,9.122759414624634
GBR,United Kingdom,COVID-19 related costs for medical goods,Current prices,2021,517.744,6.2514105052129585
GRC,Greece,COVID-19 related costs for vaccination,Current prices,2021,606.542,6.409421308627404
HRV,Croatia,COVID-19 related costs for vaccination,Current prices,2021,194.712,5.276644190866542
HRV,Croatia,COVID-19 related costs for medical goods,Current prices,2021,8.445,2.245485500953473
HRV,Croatia,COVID-19 related treatment costs,Current prices,2021,451.034,6.1137573982421936
HUN,Hungary,COVID-19 related costs for vaccination,Current prices,2021,1128.907,7.029890607434527
IRL,Ireland,COVID-19 related costs for vaccination,Current prices,2021,544.17,6.301097672629759
ISL,Iceland,COVID-19 related costs for vaccination,Current prices,2021,15.092,2.778322254087542
ISL,Iceland,COVID-19 related investment costs,Current prices,2021,2.8,1.33500106673234
ISL,Iceland,COVID-19 related treatment costs,Current prices,2021,47.128,3.8738641283273747
ISR,Israel,COVID-19 related costs for vaccination,Current prices,2021,929.405,6.835619975222689
ISR,Israel,COVID-19 related investment costs,Current prices,2021,336.703,5.822166810976581
ISR,Israel,COVID-19 related costs for medical goods,Current prices,2021,63.934,4.173371369428072
ISR,Israel,COVID-19 related treatment costs,Current prices,2021,787.387,6.669989086050787
KOR,Korea,COVID-19 related investment costs,Current prices,2021,82.437,4.42409185606725
KOR,Korea,COVID-19 related treatment costs,Current prices,2021,1961.064,7.5817522593690345
KOR,Korea,COVID-19 related costs for vaccination,Current prices,2021,7085.208,8.865905638649702
KOR,Korea,COVID-19 related costs for medical goods,Current prices,2021,598.184,6.395568729576805
LTU,Lithuania,COVID-19 related costs for medical goods,Current prices,2021,24.349,3.2327392815273543
LTU,Lithuania,COVID-19 related costs for vaccination,Current prices,2021,90.465,4.515956385443261
LUX,Luxembourg,COVID-19 related costs for vaccination,Current prices,2021,75.299,4.33465983204463
LUX,Luxembourg,COVID-19 related costs for medical goods,Current prices,2021,33.074,3.5285346301233504
LUX,Luxembourg,COVID-19 related investment costs,Current prices,2021,19.424,3.0167106799391825
LUX,Luxembourg,COVID-19 related treatment costs,Current prices,2021,88.561,4.494919957367191
LVA,Latvia,COVID-19 related costs for vaccination,Current prices,2021,147.252,4.998913528511962
LVA,Latvia,COVID-19 related treatment costs,Current prices,2021,582.305,6.368710205641248
LVA,Latvia,COVID-19 related costs for medical goods,Current prices,2021,21.803,3.126892106252013
NLD,Netherlands,COVID-19 related treatment costs,Current prices,2021,2369.333,7.770785730588201
NLD,Netherlands,COVID-19 related costs for medical goods,Current prices,2021,872.163,6.772122250896677
NLD,Netherlands,COVID-19 related costs for vaccination,Current prices,2021,2269.694,7.727840790622758
NOR,Norway,COVID-19 related costs for vaccination,Current prices,2021,230.574,5.444899476875343
ROU,Romania,COVID-19 related costs for vaccination,Current prices,2021,893.746,6.79653987911365
SWE,Sweden,COVID-19 related costs for vaccination,Current prices,2021,307.128,5.7305152810578734
AUT,Austria,COVID-19 related costs for medical goods,Constant prices,2022,112.502,4.7318204579115815
AUT,Austria,COVID-19 related treatment costs,Constant prices,2022,73.112,4.305577462510476
AUT,Austria,COVID-19 related costs for vaccination,Constant prices,2022,305.488,5.72517860289693
BEL,Belgium,COVID-19 related costs for vaccination,Constant prices,2022,148.048,5.004268401718052
BEL,Belgium,COVID-19 related costs for medical goods,Constant prices,2022,808.693,6.696655163477473
BEL,Belgium,COVID-19 related treatment costs,Constant prices,2022,484.856,6.1859122836997775
BGR,Bulgaria,COVID-19 related treatment costs,Constant prices,2022,539.844,6.293130882365878
BGR,Bulgaria,COVID-19 related costs for vaccination,Constant prices,2022,42.457,3.7717719434534964
BGR,Bulgaria,COVID-19 related investment costs,Constant prices,2022,6.619,2.030645127490873
BGR,Bulgaria,COVID-19 related costs for medical goods,Constant prices,2022,24.283,3.2301322331239
CAN,Canada,COVID-19 related treatment costs,Constant prices,2022,1710.487,7.445117862265086
CAN,Canada,COVID-19 related costs for vaccination,Constant prices,2022,1547.305,7.344916063165894
CAN,Canada,COVID-19 related costs for medical goods,Constant prices,2022,1752.113,7.4691483437678485
CHL,Chile,COVID-19 related investment costs,Constant prices,2022,1.125,0.7537718023763802
CHL,Chile,COVID-19 related costs for medical goods,Constant prices,2022,788.233,6.671061587769951
COL,Colombia,COVID-19 related costs for vaccination,Constant prices,2022,663.747,6.499406517138143
COL,Colombia,COVID-19 related treatment costs,Constant prices,2022,400.77,5.9958797855813915
CRI,Costa Rica,COVID-19 related costs for vaccination,Constant prices,2022,45.003,3.8287066117538378
CRI,Costa Rica,COVID-19 related treatment costs,Constant prices,2022,3.263,1.4499731377830734
CRI,Costa Rica,COVID-19 related costs for medical goods,Constant prices,2022,0.177,0.16296882827813972
CRI,Costa Rica,COVID-19 related investment costs,Constant prices,2022,2.383,1.2187628897985714
CYP,Cyprus,COVID-19 related costs for vaccination,Constant prices,2022,32.695,3.51734945839818
CYP,Cyprus,COVID-19 related treatment costs,Constant prices,2022,29.703,3.424360369688583
CYP,Cyprus,COVID-19 related investment costs,Constant prices,2022,0.07,0.06765864847381486
CYP,Cyprus,COVID-19 related costs for medical goods,Constant prices,2022,8.23,2.222459048514761
CZE,Czechia,COVID-19 related costs for vaccination,Constant prices,2022,668.843,6.507043356567623
CZE,Czechia,COVID-19 related investment costs,Constant prices,2022,1.634,0.9685036033210893
CZE,Czechia,COVID-19 related treatment costs,Constant prices,2022,212.745,5.364783715730411
DEU,Germany,COVID-19 related costs for medical goods,Constant prices,2022,1108.133,7.011333908022535
DEU,Germany,COVID-19 related costs for vaccination,Constant prices,2022,10296.54,9.239660310740662
DEU,Germany,COVID-19 related investment costs,Constant prices,2022,1081.827,6.987330492782054
DEU,Germany,COVID-19 related treatment costs,Constant prices,2022,48.227,3.8964422534611227
DNK,Denmark,COVID-19 related treatment costs,Constant prices,2022,93.918,4.553013360970526
DNK,Denmark,COVID-19 related costs for medical goods,Constant prices,2022,91.087,4.522733782375623
DNK,Denmark,COVID-19 related costs for vaccination,Constant prices,2022,177.541,5.184818266721304
EST,Estonia,COVID-19 related treatment costs,Constant prices,2022,45.906,3.8481455990393854
EST,Estonia,COVID-19 related costs for medical goods,Constant prices,2022,23.744,3.2085830353827687
EST,Estonia,COVID-19 related investment costs,Constant prices,2022,0.326,0.2821668917636708
EST,Estonia,COVID-19 related costs for vaccination,Constant prices,2022,26.858,3.3271201782658397
FRA,France,COVID-19 related treatment costs,Constant prices,2022,667.351,6.504813484638402
FRA,France,COVID-19 related costs for vaccination,Constant prices,2022,666.822,6.504021670962121
FRA,France,COVID-19 related costs for medical goods,Constant prices,2022,516.713,6.249421034660764
GBR,United Kingdom,COVID-19 related costs for vaccination,Constant prices,2022,2943.651,7.987745583121028
GBR,United Kingdom,COVID-19 related costs for medical goods,Constant prices,2022,2277.686,7.731354240025235
GRC,Greece,COVID-19 related costs for vaccination,Constant prices,2022,699.35,6.5515802100850555
HRV,Croatia,COVID-19 related investment costs,Constant prices,2022,0.442,0.3660310388627573
HRV,Croatia,COVID-19 related treatment costs,Constant prices,2022,205.793,5.331718292931786
HRV,Croatia,COVID-19 related costs for vaccination,Constant prices,2022,134.415,4.90834413720779
HRV,Croatia,COVID-19 related costs for medical goods,Constant prices,2022,3.867,1.5824777308513172
IRL,Ireland,COVID-19 related costs for vaccination,Constant prices,2022,320.927,5.774324811767714
ISL,Iceland,COVID-19 related investment costs,Constant prices,2022,0.542,0.4330802751411378
ISL,Iceland,COVID-19 related treatment costs,Constant prices,2022,66.175,4.207301154501555
ISL,Iceland,COVID-19 related costs for vaccination,Constant prices,2022,12.274,2.5858072347237333
KOR,Korea,COVID-19 related treatment costs,Constant prices,2022,4007.645,8.296208557960869
KOR,Korea,COVID-19 related costs for vaccination,Constant prices,2022,3449.113,8.146162263112206
KOR,Korea,COVID-19 related investment costs,Constant prices,2022,243.019,5.4972460911140395
KOR,Korea,COVID-19 related costs for medical goods,Constant prices,2022,706.848,6.562229381379144
LTU,Lithuania,COVID-19 related investment costs,Constant prices,2022,0.11,0.10436001532424286
LTU,Lithuania,COVID-19 related costs for vaccination,Constant prices,2022,2.489,1.249615162204637
LUX,Luxembourg,COVID-19 related treatment costs,Constant prices,2022,27.001,3.3322402238231783
LUX,Luxembourg,COVID-19 related investment costs,Constant prices,2022,7.967,2.1935511719699106
LUX,Luxembourg,COVID-19 related costs for medical goods,Constant prices,2022,6.425,2.004852684688763
LUX,Luxembourg,COVID-19 related costs for vaccination,Constant prices,2022,37.997,3.663484720093992
LVA,Latvia,COVID-19 related treatment costs,Constant prices,2022,207.163,5.338321426651119
LVA,Latvia,COVID-19 related costs for medical goods,Constant prices,2022,1.431,0.8883026953339863
LVA,Latvia,COVID-19 related costs for vaccination,Constant prices,2022,6.641,2.0335284846654296
MLT,Malta,COVID-19 related costs for medical goods,Constant prices,2022,15.397,2.797098391267731
MLT,Malta,COVID-19 related treatment costs,Constant prices,2022,7.816,2.1765682524105587
MLT,Malta,COVID-19 related costs for vaccination,Constant prices,2022,20.591,3.072276561193777
NLD,Netherlands,COVID-19 related costs for vaccination,Constant prices,2022,576.917,6.359430259745192
NLD,Netherlands,COVID-19 related treatment costs,Constant prices,2022,355.928,5.877534080767089
NLD,Netherlands,COVID-19 related costs for medical goods,Constant prices,2022,305.082,5.72385303991001
NOR,Norway,COVID-19 related costs for vaccination,Constant prices,2022,60.964,4.126553571244116
POL,Poland,COVID-19 related costs for vaccination,Constant prices,2022,1717.584,7.449255974932376
POL,Poland,COVID-19 related costs for medical goods,Constant prices,2022,0.403,0.3386128011203239
POL,Poland,COVID-19 related treatment costs,Constant prices,2022,4982.829,8.513953750087362
POL,Poland,COVID-19 related investment costs,Constant prices,2022,757.95,6.631935899072868
ROU,Romania,COVID-19 related costs for vaccination,Constant prices,2022,416.343,6.0339084256629745
SWE,Sweden,COVID-19 related costs for vaccination,Constant prices,2022,147.165,4.998326517628658
AUT,Austria,COVID-19 related costs for medical goods,Current prices,2022,155.387,5.052333704451931
AUT,Austria,COVID-19 related treatment costs,Current prices,2022,100.982,4.62479632712327
AUT,Austria,COVID-19 related costs for vaccination,Current prices,2022,421.938,6.047225596199518
BEL,Belgium,COVID-19 related treatment costs,Current prices,2022,659.656,6.493233280783716
BEL,Belgium,COVID-19 related costs for medical goods,Current prices,2022,1100.243,7.004194820817021
BEL,Belgium,COVID-19 related costs for vaccination,Current prices,2022,201.423,5.310359567320824
BGR,Bulgaria,COVID-19 related costs for medical goods,Current prices,2022,32.055,3.4981728407855415
BGR,Bulgaria,COVID-19 related treatment costs,Current prices,2022,712.622,6.57035341038699
BGR,Bulgaria,COVID-19 related costs for vaccination,Current prices,2022,56.046,4.043857959914843
BGR,Bulgaria,COVID-19 related investment costs,Current prices,2022,8.738,2.2760357577605093
CAN,Canada,COVID-19 related costs for medical goods,Current prices,2022,2207.714,7.700165724689534
CAN,Canada,COVID-19 related treatment costs,Current prices,2022,2155.265,7.676132837277213
CAN,Canada,COVID-19 related costs for vaccination,Current prices,2022,1949.65,7.575917929347913
CHL,Chile,COVID-19 related costs for medical goods,Current prices,2022,1014.639,6.92327325003848
CHL,Chile,COVID-19 related investment costs,Current prices,2022,1.449,0.8956797779700306
COL,Colombia,COVID-19 related costs for vaccination,Current prices,2022,890.066,6.792418498801535
COL,Colombia,COVID-19 related treatment costs,Current prices,2022,537.421,6.2886407820275165
CRI,Costa Rica,COVID-19 related costs for medical goods,Current prices,2022,0.214,0.1939206926373065
CRI,Costa Rica,COVID-19 related treatment costs,Current prices,2022,3.951,1.599589576379286
CRI,Costa Rica,COVID-19 related investment costs,Current prices,2022,2.885,1.3571229838196106
CRI,Costa Rica,COVID-19 related costs for vaccination,Current prices,2022,54.491,4.016220845440522
CYP,Cyprus,COVID-19 related costs for vaccination,Current prices,2022,42.151,3.764705592231933
CYP,Cyprus,COVID-19 related costs for medical goods,Current prices,2022,10.61,2.4518667957098
CYP,Cyprus,COVID-19 related investment costs,Current prices,2022,0.09,0.08617769624105241
CYP,Cyprus,COVID-19 related treatment costs,Current prices,2022,38.293,3.671046385962144
CZE,Czechia,COVID-19 related investment costs,Current prices,2022,2.24,1.1755733298042381
CZE,Czechia,COVID-19 related treatment costs,Current prices,2022,291.703,5.679158443047434
CZE,Czechia,COVID-19 related costs for vaccination,Current prices,2022,917.074,6.8222779973934635
DEU,Germany,COVID-19 related costs for medical goods,Current prices,2022,1480.801,7.301013518837235
DEU,Germany,COVID-19 related treatment costs,Current prices,2022,64.446,4.181225375133057
DEU,Germany,COVID-19 related costs for vaccination,Current prices,2022,13759.29,9.529542186846642
DEU,Germany,COVID-19 related investment costs,Current prices,2022,1445.648,7.277004435117287
DNK,Denmark,COVID-19 related costs for vaccination,Current prices,2022,233.388,5.456977861853123
DNK,Denmark,COVID-19 related costs for medical goods,Current prices,2022,119.738,4.793622908712286
DNK,Denmark,COVID-19 related treatment costs,Current prices,2022,123.461,4.823992413818741
EST,Estonia,COVID-19 related costs for medical goods,Current prices,2022,30.427,3.4476673960470063
EST,Estonia,COVID-19 related investment costs,Current prices,2022,0.417,0.34854196070854343
EST,Estonia,COVID-19 related costs for vaccination,Current prices,2022,34.417,3.5671919308568323
EST,Estonia,COVID-19 related treatment costs,Current prices,2022,58.826,4.091440349074711
FRA,France,COVID-19 related costs for medical goods,Current prices,2022,696.915,6.548097318842714
FRA,France,COVID-19 related treatment costs,Current prices,2022,900.088,6.803602922095388
FRA,France,COVID-19 related costs for vaccination,Current prices,2022,899.375,6.802811343209527
GBR,United Kingdom,COVID-19 related costs for vaccination,Current prices,2022,3817.546,8.247625000871041
GBR,United Kingdom,COVID-19 related costs for medical goods,Current prices,2022,2953.874,7.991211289337197
GRC,Greece,COVID-19 related costs for vaccination,Current prices,2022,888.742,6.790931533060192
HRV,Croatia,COVID-19 related costs for vaccination,Current prices,2022,175.154,5.171358612448812
HRV,Croatia,COVID-19 related costs for medical goods,Current prices,2022,5.039,1.798238435325764
HRV,Croatia,COVID-19 related treatment costs,Current prices,2022,268.165,5.595324574459068
HRV,Croatia,COVID-19 related investment costs,Current prices,2022,0.576,0.4548899914356874
IRL,Ireland,COVID-19 related costs for vaccination,Current prices,2022,398.433,5.990046041504449
ISL,Iceland,COVID-19 related costs for vaccination,Current prices,2022,15.688,2.814689898258417
ISL,Iceland,COVID-19 related investment costs,Current prices,2022,0.692,0.5259112611840315
ISL,Iceland,COVID-19 related treatment costs,Current prices,2022,84.585,4.449510034147628
KOR,Korea,COVID-19 related treatment costs,Current prices,2022,4524.738,8.417535936758311
KOR,Korea,COVID-19 related investment costs,Current prices,2022,274.375,5.618133805122508
KOR,Korea,COVID-19 related costs for vaccination,Current prices,2022,3894.14,8.267484901176227
KOR,Korea,COVID-19 related costs for medical goods,Current prices,2022,798.05,6.683423522031118
LTU,Lithuania,COVID-19 related costs for vaccination,Current prices,2022,3.381,1.4772770088317615
LTU,Lithuania,COVID-19 related investment costs,Current prices,2022,0.149,0.13889199886661865
LUX,Luxembourg,COVID-19 related costs for vaccination,Current prices,2022,47.739,3.8864795309574487
LUX,Luxembourg,COVID-19 related costs for medical goods,Current prices,2022,8.073,2.2053029701874918
LUX,Luxembourg,COVID-19 related investment costs,Current prices,2022,10.009,2.3987131200882663
LUX,Luxembourg,COVID-19 related treatment costs,Current prices,2022,33.924,3.5531742719485613
LVA,Latvia,COVID-19 related costs for vaccination,Current prices,2022,8.748,2.27706213576296
LVA,Latvia,COVID-19 related treatment costs,Current prices,2022,272.866,5.61263893566869
LVA,Latvia,COVID-19 related costs for medical goods,Current prices,2022,1.884,1.0591782194227026
MLT,Malta,COVID-19 related costs for vaccination,Current prices,2022,25.724,3.285562038063231
MLT,Malta,COVID-19 related costs for medical goods,Current prices,2022,19.235,3.007413778327829
MLT,Malta,COVID-19 related treatment costs,Current prices,2022,9.764,2.3762072328646595
NLD,Netherlands,COVID-19 related treatment costs,Current prices,2022,484.351,6.184872340524919
NLD,Netherlands,COVID-19 related costs for medical goods,Current prices,2022,415.158,6.031064995844887
NLD,Netherlands,COVID-19 related costs for vaccination,Current prices,2022,785.074,6.667050935580298
NOR,Norway,COVID-19 related costs for vaccination,Current prices,2022,83.152,4.432624687436973
POL,Poland,COVID-19 related costs for vaccination,Current prices,2022,2217.997,7.704810570971337
POL,Poland,COVID-19 related costs for medical goods,Current prices,2022,0.521,0.4193680132771557
POL,Poland,COVID-19 related investment costs,Current prices,2022,978.777,6.887324994750548
POL,Poland,COVID-19 related treatment costs,Current prices,2022,6434.56,8.769594140330875
ROU,Romania,COVID-19 related costs for vaccination,Current prices,2022,604.718,6.406414531227361
SWE,Sweden,COVID-19 related costs for vaccination,Current prices,2022,194.908,5.277645161278498
COL,Colombia,COVID-19 related costs for vaccination,Constant prices,2023,381.007,5.945438933046011
DEU,Germany,COVID-19 related costs for medical goods,Constant prices,2023,88.055,4.489254156390748
DEU,Germany,COVID-19 related costs for vaccination,Constant prices,2023,1381.947,7.231972008443086
DEU,Germany,COVID-19 related investment costs,Constant prices,2023,226.871,5.428779679361494
DEU,Germany,COVID-19 related treatment costs,Constant prices,2023,9.323,2.334374415483453
KOR,Korea,COVID-19 related treatment costs,Constant prices,2023,477.702,6.17107827437177
KOR,Korea,COVID-19 related costs for vaccination,Constant prices,2023,918.057,6.823348144371346
KOR,Korea,COVID-19 related costs for medical goods,Constant prices,2023,261.51,5.570289176544168
LUX,Luxembourg,COVID-19 related treatment costs,Constant prices,2023,0.482,0.39339252687389514
LUX,Luxembourg,COVID-19 related costs for vaccination,Constant prices,2023,5.308,1.8418186691007918
COL,Colombia,COVID-19 related costs for vaccination,Current prices,2023,525.935,6.267077201275957
DEU,Germany,COVID-19 related costs for medical goods,Current prices,2023,124.473,4.832090595983798
DEU,Germany,COVID-19 related treatment costs,Current prices,2023,13.179,2.651761996755421
DEU,Germany,COVID-19 related costs for vaccination,Current prices,2023,1953.489,7.577884057179311
DEU,Germany,COVID-19 related investment costs,Current prices,2023,320.7,5.7736194342449805
KOR,Korea,COVID-19 related treatment costs,Current prices,2023,547.743,6.307630208043783
KOR,Korea,COVID-19 related costs for vaccination,Current prices,2023,1052.663,6.960027943630033
KOR,Korea,COVID-19 related costs for medical goods,Current prices,2023,299.853,5.706621773363361
LUX,Luxembourg,COVID-19 related costs for vaccination,Current prices,2023,6.985,2.077564781666976
LUX,Luxembourg,COVID-19 related treatment costs,Current prices,2023,0.634,0.49103099643781106
